category,month,count
math.AG,2017-01,214
math.AG,2017-02,173
math.AG,2017-03,287
math.AG,2017-04,184
math.AG,2017-05,238
math.AG,2017-06,238
math.AG,2017-07,196
math.AG,2017-08,237
math.AG,2017-09,210
math.AG,2017-10,232
math.AG,2017-11,251
math.AG,2017-12,217
math.AG,2018-01,223
math.AG,2018-02,230
math.AG,2018-03,229
math.AG,2018-04,234
math.AG,2018-05,233
math.AG,2018-06,203
math.AG,2018-07,230
math.AG,2018-08,217
math.AG,2018-09,240
math.AG,2018-10,267
math.AG,2018-11,219
math.AG,2018-12,230
math.AG,2019-01,201
math.AG,2019-02,208
math.AG,2019-03,235
math.AG,2019-04,246
math.AG,2019-05,241
math.AG,2019-06,227
math.AG,2019-07,254
math.AG,2019-08,207
math.AG,2019-09,278
math.AG,2019-10,291
math.AG,2019-11,243
math.AG,2019-12,268
math.AG,2020-01,198
math.AG,2020-02,257
math.AG,2020-03,273
math.AG,2020-04,248
math.AG,2020-05,236
math.AG,2020-06,277
math.AG,2020-07,264
math.AG,2020-08,226
math.AG,2020-09,245
math.AG,2020-10,264
math.AG,2020-11,247
math.AG,2020-12,294
math.AG,2021-01,243
math.AG,2021-02,213
math.AG,2021-03,281
math.AG,2021-04,207
math.AG,2021-05,241
math.AG,2021-06,243
math.AG,2021-07,268
math.AG,2021-08,257
math.AG,2021-09,219
math.AG,2021-10,231
math.AG,2021-11,269
math.AG,2021-12,296
math.AG,2022-01,221
math.AG,2022-02,218
math.AG,2022-03,263
math.AG,2022-04,197
math.AG,2022-05,235
math.AG,2022-06,228
math.AG,2022-07,244
math.AG,2022-08,266
math.AG,2022-09,253
math.AG,2022-10,269
math.AG,2022-11,267
math.AG,2022-12,239
math.AG,2023-01,244
math.AG,2023-02,236
math.AG,2023-03,301
math.AG,2023-04,217
math.AG,2023-05,260
math.AG,2023-06,275
math.AG,2023-07,250
math.AG,2023-08,258
math.AG,2023-09,277
math.AG,2023-10,314
math.AG,2023-11,261
math.AG,2023-12,296
math.AG,2024-01,288
math.AG,2024-02,252
math.AG,2024-03,288
math.AG,2024-04,269
math.AG,2024-05,294
math.AG,2024-06,247
math.AG,2024-07,278
math.AG,2024-08,232
math.AG,2024-09,276
math.AG,2024-10,340
math.AG,2024-11,272
math.AG,2024-12,324
math.AG,2025-01,284
math.AG,2025-02,260
math.AG,2025-03,288
math.AG,2025-04,287
math.AG,2025-05,283
math.AG,2025-06,290
math.AG,2025-07,296
math.AG,2025-08,265
math.AG,2025-09,365
math.AG,2025-10,380
math.AG,2025-11,327
math.AG,2025-12,354
math.AG,2026-01,294
math.AG,2026-02,334
math.AG,2026-03,346
math.AG,2026-04,351
math.AG,2026-05,377
math.AG,2026-06,349
math.AT,2017-01,53
math.AT,2017-02,67
math.AT,2017-03,78
math.AT,2017-04,66
math.AT,2017-05,71
math.AT,2017-06,69
math.AT,2017-07,66
math.AT,2017-08,82
math.AT,2017-09,62
math.AT,2017-10,85
math.AT,2017-11,79
math.AT,2017-12,86
math.AT,2018-01,84
math.AT,2018-02,75
math.AT,2018-03,61
math.AT,2018-04,59
math.AT,2018-05,69
math.AT,2018-06,50
math.AT,2018-07,78
math.AT,2018-08,72
math.AT,2018-09,89
math.AT,2018-10,103
math.AT,2018-11,90
math.AT,2018-12,90
math.AT,2019-01,57
math.AT,2019-02,66
math.AT,2019-03,73
math.AT,2019-04,91
math.AT,2019-05,95
math.AT,2019-06,71
math.AT,2019-07,97
math.AT,2019-08,76
math.AT,2019-09,84
math.AT,2019-10,92
math.AT,2019-11,95
math.AT,2019-12,95
math.AT,2020-01,91
math.AT,2020-02,89
math.AT,2020-03,80
math.AT,2020-04,78
math.AT,2020-05,77
math.AT,2020-06,102
math.AT,2020-07,97
math.AT,2020-08,81
math.AT,2020-09,78
math.AT,2020-10,83
math.AT,2020-11,98
math.AT,2020-12,95
math.AT,2021-01,64
math.AT,2021-02,73
math.AT,2021-03,95
math.AT,2021-04,75
math.AT,2021-05,90
math.AT,2021-06,95
math.AT,2021-07,89
math.AT,2021-08,76
math.AT,2021-09,89
math.AT,2021-10,85
math.AT,2021-11,87
math.AT,2021-12,90
math.AT,2022-01,76
math.AT,2022-02,81
math.AT,2022-03,103
math.AT,2022-04,75
math.AT,2022-05,85
math.AT,2022-06,80
math.AT,2022-07,84
math.AT,2022-08,97
math.AT,2022-09,90
math.AT,2022-10,98
math.AT,2022-11,96
math.AT,2022-12,84
math.AT,2023-01,86
math.AT,2023-02,80
math.AT,2023-03,107
math.AT,2023-04,73
math.AT,2023-05,96
math.AT,2023-06,99
math.AT,2023-07,83
math.AT,2023-08,100
math.AT,2023-09,79
math.AT,2023-10,115
math.AT,2023-11,105
math.AT,2023-12,108
math.AT,2024-01,79
math.AT,2024-02,87
math.AT,2024-03,85
math.AT,2024-04,82
math.AT,2024-05,100
math.AT,2024-06,105
math.AT,2024-07,95
math.AT,2024-08,88
math.AT,2024-09,75
math.AT,2024-10,115
math.AT,2024-11,109
math.AT,2024-12,91
math.AT,2025-01,74
math.AT,2025-02,67
math.AT,2025-03,97
math.AT,2025-04,87
math.AT,2025-05,102
math.AT,2025-06,98
math.AT,2025-07,100
math.AT,2025-08,84
math.AT,2025-09,116
math.AT,2025-10,136
math.AT,2025-11,105
math.AT,2025-12,103
math.AT,2026-01,94
math.AT,2026-02,103
math.AT,2026-03,129
math.AT,2026-04,108
math.AT,2026-05,118
math.AT,2026-06,116
math.AP,2017-01,282
math.AP,2017-02,318
math.AP,2017-03,371
math.AP,2017-04,284
math.AP,2017-05,358
math.AP,2017-06,336
math.AP,2017-07,328
math.AP,2017-08,288
math.AP,2017-09,363
math.AP,2017-10,387
math.AP,2017-11,355
math.AP,2017-12,333
math.AP,2018-01,368
math.AP,2018-02,326
math.AP,2018-03,364
math.AP,2018-04,324
math.AP,2018-05,383
math.AP,2018-06,339
math.AP,2018-07,365
math.AP,2018-08,308
math.AP,2018-09,337
math.AP,2018-10,446
math.AP,2018-11,392
math.AP,2018-12,362
math.AP,2019-01,384
math.AP,2019-02,354
math.AP,2019-03,412
math.AP,2019-04,391
math.AP,2019-05,415
math.AP,2019-06,356
math.AP,2019-07,391
math.AP,2019-08,328
math.AP,2019-09,368
math.AP,2019-10,460
math.AP,2019-11,378
math.AP,2019-12,404
math.AP,2020-01,368
math.AP,2020-02,352
math.AP,2020-03,454
math.AP,2020-04,436
math.AP,2020-05,443
math.AP,2020-06,488
math.AP,2020-07,442
math.AP,2020-08,370
math.AP,2020-09,411
math.AP,2020-10,429
math.AP,2020-11,409
math.AP,2020-12,440
math.AP,2021-01,350
math.AP,2021-02,371
math.AP,2021-03,472
math.AP,2021-04,423
math.AP,2021-05,402
math.AP,2021-06,428
math.AP,2021-07,456
math.AP,2021-08,394
math.AP,2021-09,428
math.AP,2021-10,383
math.AP,2021-11,457
math.AP,2021-12,441
math.AP,2022-01,435
math.AP,2022-02,380
math.AP,2022-03,479
math.AP,2022-04,425
math.AP,2022-05,402
math.AP,2022-06,393
math.AP,2022-07,411
math.AP,2022-08,389
math.AP,2022-09,387
math.AP,2022-10,464
math.AP,2022-11,417
math.AP,2022-12,407
math.AP,2023-01,402
math.AP,2023-02,372
math.AP,2023-03,444
math.AP,2023-04,437
math.AP,2023-05,483
math.AP,2023-06,437
math.AP,2023-07,414
math.AP,2023-08,432
math.AP,2023-09,431
math.AP,2023-10,528
math.AP,2023-11,462
math.AP,2023-12,402
math.AP,2024-01,498
math.AP,2024-02,466
math.AP,2024-03,452
math.AP,2024-04,479
math.AP,2024-05,494
math.AP,2024-06,431
math.AP,2024-07,536
math.AP,2024-08,417
math.AP,2024-09,502
math.AP,2024-10,491
math.AP,2024-11,498
math.AP,2024-12,515
math.AP,2025-01,496
math.AP,2025-02,470
math.AP,2025-03,488
math.AP,2025-04,499
math.AP,2025-05,501
math.AP,2025-06,461
math.AP,2025-07,571
math.AP,2025-08,423
math.AP,2025-09,549
math.AP,2025-10,542
math.AP,2025-11,522
math.AP,2025-12,611
math.AP,2026-01,503
math.AP,2026-02,546
math.AP,2026-03,691
math.AP,2026-04,605
math.AP,2026-05,586
math.AP,2026-06,674
math.CT,2017-01,37
math.CT,2017-02,38
math.CT,2017-03,42
math.CT,2017-04,37
math.CT,2017-05,28
math.CT,2017-06,36
math.CT,2017-07,41
math.CT,2017-08,31
math.CT,2017-09,40
math.CT,2017-10,45
math.CT,2017-11,39
math.CT,2017-12,32
math.CT,2018-01,36
math.CT,2018-02,34
math.CT,2018-03,44
math.CT,2018-04,36
math.CT,2018-05,49
math.CT,2018-06,29
math.CT,2018-07,38
math.CT,2018-08,45
math.CT,2018-09,44
math.CT,2018-10,44
math.CT,2018-11,34
math.CT,2018-12,48
math.CT,2019-01,33
math.CT,2019-02,45
math.CT,2019-03,48
math.CT,2019-04,54
math.CT,2019-05,47
math.CT,2019-06,46
math.CT,2019-07,55
math.CT,2019-08,44
math.CT,2019-09,41
math.CT,2019-10,61
math.CT,2019-11,58
math.CT,2019-12,45
math.CT,2020-01,53
math.CT,2020-02,45
math.CT,2020-03,49
math.CT,2020-04,54
math.CT,2020-05,69
math.CT,2020-06,70
math.CT,2020-07,51
math.CT,2020-08,39
math.CT,2020-09,43
math.CT,2020-10,65
math.CT,2020-11,50
math.CT,2020-12,48
math.CT,2021-01,48
math.CT,2021-02,60
math.CT,2021-03,60
math.CT,2021-04,49
math.CT,2021-05,81
math.CT,2021-06,46
math.CT,2021-07,62
math.CT,2021-08,46
math.CT,2021-09,52
math.CT,2021-10,52
math.CT,2021-11,54
math.CT,2021-12,49
math.CT,2022-01,49
math.CT,2022-02,56
math.CT,2022-03,52
math.CT,2022-04,54
math.CT,2022-05,76
math.CT,2022-06,53
math.CT,2022-07,62
math.CT,2022-08,65
math.CT,2022-09,54
math.CT,2022-10,56
math.CT,2022-11,63
math.CT,2022-12,55
math.CT,2023-01,63
math.CT,2023-02,54
math.CT,2023-03,81
math.CT,2023-04,61
math.CT,2023-05,74
math.CT,2023-06,57
math.CT,2023-07,55
math.CT,2023-08,57
math.CT,2023-09,48
math.CT,2023-10,57
math.CT,2023-11,69
math.CT,2023-12,59
math.CT,2024-01,71
math.CT,2024-02,50
math.CT,2024-03,71
math.CT,2024-04,84
math.CT,2024-05,68
math.CT,2024-06,73
math.CT,2024-07,68
math.CT,2024-08,60
math.CT,2024-09,56
math.CT,2024-10,78
math.CT,2024-11,73
math.CT,2024-12,60
math.CT,2025-01,60
math.CT,2025-02,69
math.CT,2025-03,83
math.CT,2025-04,55
math.CT,2025-05,72
math.CT,2025-06,67
math.CT,2025-07,62
math.CT,2025-08,58
math.CT,2025-09,71
math.CT,2025-10,85
math.CT,2025-11,69
math.CT,2025-12,71
math.CT,2026-01,68
math.CT,2026-02,86
math.CT,2026-03,74
math.CT,2026-04,82
math.CT,2026-05,91
math.CT,2026-06,91
math.CA,2017-01,127
math.CA,2017-02,114
math.CA,2017-03,135
math.CA,2017-04,106
math.CA,2017-05,149
math.CA,2017-06,112
math.CA,2017-07,108
math.CA,2017-08,114
math.CA,2017-09,102
math.CA,2017-10,141
math.CA,2017-11,120
math.CA,2017-12,134
math.CA,2018-01,143
math.CA,2018-02,98
math.CA,2018-03,124
math.CA,2018-04,132
math.CA,2018-05,110
math.CA,2018-06,98
math.CA,2018-07,109
math.CA,2018-08,114
math.CA,2018-09,96
math.CA,2018-10,125
math.CA,2018-11,120
math.CA,2018-12,120
math.CA,2019-01,157
math.CA,2019-02,96
math.CA,2019-03,102
math.CA,2019-04,111
math.CA,2019-05,131
math.CA,2019-06,95
math.CA,2019-07,148
math.CA,2019-08,100
math.CA,2019-09,113
math.CA,2019-10,128
math.CA,2019-11,82
math.CA,2019-12,137
math.CA,2020-01,118
math.CA,2020-02,108
math.CA,2020-03,111
math.CA,2020-04,108
math.CA,2020-05,134
math.CA,2020-06,153
math.CA,2020-07,118
math.CA,2020-08,117
math.CA,2020-09,125
math.CA,2020-10,110
math.CA,2020-11,120
math.CA,2020-12,136
math.CA,2021-01,112
math.CA,2021-02,90
math.CA,2021-03,106
math.CA,2021-04,105
math.CA,2021-05,99
math.CA,2021-06,109
math.CA,2021-07,126
math.CA,2021-08,99
math.CA,2021-09,124
math.CA,2021-10,101
math.CA,2021-11,98
math.CA,2021-12,130
math.CA,2022-01,102
math.CA,2022-02,106
math.CA,2022-03,147
math.CA,2022-04,100
math.CA,2022-05,121
math.CA,2022-06,92
math.CA,2022-07,88
math.CA,2022-08,100
math.CA,2022-09,117
math.CA,2022-10,137
math.CA,2022-11,107
math.CA,2022-12,95
math.CA,2023-01,106
math.CA,2023-02,99
math.CA,2023-03,99
math.CA,2023-04,107
math.CA,2023-05,116
math.CA,2023-06,113
math.CA,2023-07,125
math.CA,2023-08,100
math.CA,2023-09,120
math.CA,2023-10,107
math.CA,2023-11,122
math.CA,2023-12,115
math.CA,2024-01,115
math.CA,2024-02,125
math.CA,2024-03,104
math.CA,2024-04,118
math.CA,2024-05,112
math.CA,2024-06,99
math.CA,2024-07,148
math.CA,2024-08,90
math.CA,2024-09,111
math.CA,2024-10,134
math.CA,2024-11,122
math.CA,2024-12,149
math.CA,2025-01,126
math.CA,2025-02,133
math.CA,2025-03,127
math.CA,2025-04,105
math.CA,2025-05,114
math.CA,2025-06,109
math.CA,2025-07,114
math.CA,2025-08,129
math.CA,2025-09,145
math.CA,2025-10,125
math.CA,2025-11,114
math.CA,2025-12,103
math.CA,2026-01,121
math.CA,2026-02,87
math.CA,2026-03,135
math.CA,2026-04,125
math.CA,2026-05,132
math.CA,2026-06,174
math.CO,2017-01,339
math.CO,2017-02,284
math.CO,2017-03,342
math.CO,2017-04,270
math.CO,2017-05,382
math.CO,2017-06,313
math.CO,2017-07,319
math.CO,2017-08,344
math.CO,2017-09,349
math.CO,2017-10,352
math.CO,2017-11,354
math.CO,2017-12,314
math.CO,2018-01,318
math.CO,2018-02,318
math.CO,2018-03,354
math.CO,2018-04,353
math.CO,2018-05,379
math.CO,2018-06,341
math.CO,2018-07,395
math.CO,2018-08,378
math.CO,2018-09,354
math.CO,2018-10,376
math.CO,2018-11,329
math.CO,2018-12,361
math.CO,2019-01,313
math.CO,2019-02,335
math.CO,2019-03,354
math.CO,2019-04,370
math.CO,2019-05,366
math.CO,2019-06,380
math.CO,2019-07,468
math.CO,2019-08,400
math.CO,2019-09,426
math.CO,2019-10,433
math.CO,2019-11,403
math.CO,2019-12,426
math.CO,2020-01,354
math.CO,2020-02,339
math.CO,2020-03,447
math.CO,2020-04,406
math.CO,2020-05,428
math.CO,2020-06,435
math.CO,2020-07,449
math.CO,2020-08,408
math.CO,2020-09,432
math.CO,2020-10,412
math.CO,2020-11,362
math.CO,2020-12,440
math.CO,2021-01,337
math.CO,2021-02,368
math.CO,2021-03,425
math.CO,2021-04,398
math.CO,2021-05,412
math.CO,2021-06,423
math.CO,2021-07,392
math.CO,2021-08,405
math.CO,2021-09,393
math.CO,2021-10,416
math.CO,2021-11,463
math.CO,2021-12,450
math.CO,2022-01,392
math.CO,2022-02,389
math.CO,2022-03,412
math.CO,2022-04,372
math.CO,2022-05,410
math.CO,2022-06,424
math.CO,2022-07,433
math.CO,2022-08,406
math.CO,2022-09,446
math.CO,2022-10,425
math.CO,2022-11,462
math.CO,2022-12,460
math.CO,2023-01,364
math.CO,2023-02,387
math.CO,2023-03,483
math.CO,2023-04,346
math.CO,2023-05,485
math.CO,2023-06,438
math.CO,2023-07,454
math.CO,2023-08,442
math.CO,2023-09,447
math.CO,2023-10,487
math.CO,2023-11,459
math.CO,2023-12,486
math.CO,2024-01,447
math.CO,2024-02,483
math.CO,2024-03,468
math.CO,2024-04,473
math.CO,2024-05,492
math.CO,2024-06,432
math.CO,2024-07,485
math.CO,2024-08,488
math.CO,2024-09,518
math.CO,2024-10,528
math.CO,2024-11,518
math.CO,2024-12,512
math.CO,2025-01,479
math.CO,2025-02,447
math.CO,2025-03,508
math.CO,2025-04,464
math.CO,2025-05,463
math.CO,2025-06,470
math.CO,2025-07,567
math.CO,2025-08,542
math.CO,2025-09,616
math.CO,2025-10,607
math.CO,2025-11,546
math.CO,2025-12,581
math.CO,2026-01,521
math.CO,2026-02,513
math.CO,2026-03,676
math.CO,2026-04,620
math.CO,2026-05,805
math.CO,2026-06,823
math.AC,2017-01,75
math.AC,2017-02,48
math.AC,2017-03,63
math.AC,2017-04,37
math.AC,2017-05,79
math.AC,2017-06,62
math.AC,2017-07,62
math.AC,2017-08,66
math.AC,2017-09,64
math.AC,2017-10,66
math.AC,2017-11,62
math.AC,2017-12,67
math.AC,2018-01,70
math.AC,2018-02,67
math.AC,2018-03,69
math.AC,2018-04,53
math.AC,2018-05,57
math.AC,2018-06,72
math.AC,2018-07,60
math.AC,2018-08,49
math.AC,2018-09,55
math.AC,2018-10,67
math.AC,2018-11,51
math.AC,2018-12,54
math.AC,2019-01,60
math.AC,2019-02,44
math.AC,2019-03,60
math.AC,2019-04,58
math.AC,2019-05,65
math.AC,2019-06,52
math.AC,2019-07,85
math.AC,2019-08,50
math.AC,2019-09,62
math.AC,2019-10,70
math.AC,2019-11,59
math.AC,2019-12,57
math.AC,2020-01,46
math.AC,2020-02,67
math.AC,2020-03,61
math.AC,2020-04,53
math.AC,2020-05,68
math.AC,2020-06,66
math.AC,2020-07,68
math.AC,2020-08,51
math.AC,2020-09,65
math.AC,2020-10,54
math.AC,2020-11,69
math.AC,2020-12,59
math.AC,2021-01,79
math.AC,2021-02,58
math.AC,2021-03,53
math.AC,2021-04,62
math.AC,2021-05,66
math.AC,2021-06,74
math.AC,2021-07,80
math.AC,2021-08,65
math.AC,2021-09,55
math.AC,2021-10,48
math.AC,2021-11,69
math.AC,2021-12,78
math.AC,2022-01,57
math.AC,2022-02,67
math.AC,2022-03,62
math.AC,2022-04,52
math.AC,2022-05,68
math.AC,2022-06,54
math.AC,2022-07,65
math.AC,2022-08,90
math.AC,2022-09,75
math.AC,2022-10,80
math.AC,2022-11,48
math.AC,2022-12,71
math.AC,2023-01,52
math.AC,2023-02,66
math.AC,2023-03,75
math.AC,2023-04,61
math.AC,2023-05,76
math.AC,2023-06,75
math.AC,2023-07,67
math.AC,2023-08,85
math.AC,2023-09,78
math.AC,2023-10,73
math.AC,2023-11,81
math.AC,2023-12,77
math.AC,2024-01,71
math.AC,2024-02,58
math.AC,2024-03,72
math.AC,2024-04,94
math.AC,2024-05,92
math.AC,2024-06,77
math.AC,2024-07,76
math.AC,2024-08,54
math.AC,2024-09,76
math.AC,2024-10,65
math.AC,2024-11,62
math.AC,2024-12,78
math.AC,2025-01,71
math.AC,2025-02,86
math.AC,2025-03,85
math.AC,2025-04,77
math.AC,2025-05,70
math.AC,2025-06,99
math.AC,2025-07,82
math.AC,2025-08,71
math.AC,2025-09,96
math.AC,2025-10,103
math.AC,2025-11,84
math.AC,2025-12,92
math.AC,2026-01,72
math.AC,2026-02,72
math.AC,2026-03,109
math.AC,2026-04,81
math.AC,2026-05,101
math.AC,2026-06,113
math.CV,2017-01,89
math.CV,2017-02,64
math.CV,2017-03,105
math.CV,2017-04,64
math.CV,2017-05,88
math.CV,2017-06,83
math.CV,2017-07,66
math.CV,2017-08,74
math.CV,2017-09,90
math.CV,2017-10,90
math.CV,2017-11,94
math.CV,2017-12,77
math.CV,2018-01,70
math.CV,2018-02,82
math.CV,2018-03,66
math.CV,2018-04,89
math.CV,2018-05,91
math.CV,2018-06,77
math.CV,2018-07,86
math.CV,2018-08,84
math.CV,2018-09,74
math.CV,2018-10,105
math.CV,2018-11,88
math.CV,2018-12,77
math.CV,2019-01,87
math.CV,2019-02,77
math.CV,2019-03,79
math.CV,2019-04,87
math.CV,2019-05,95
math.CV,2019-06,73
math.CV,2019-07,89
math.CV,2019-08,89
math.CV,2019-09,100
math.CV,2019-10,86
math.CV,2019-11,91
math.CV,2019-12,90
math.CV,2020-01,87
math.CV,2020-02,78
math.CV,2020-03,90
math.CV,2020-04,126
math.CV,2020-05,95
math.CV,2020-06,97
math.CV,2020-07,111
math.CV,2020-08,95
math.CV,2020-09,112
math.CV,2020-10,86
math.CV,2020-11,110
math.CV,2020-12,92
math.CV,2021-01,96
math.CV,2021-02,69
math.CV,2021-03,98
math.CV,2021-04,84
math.CV,2021-05,89
math.CV,2021-06,106
math.CV,2021-07,86
math.CV,2021-08,78
math.CV,2021-09,101
math.CV,2021-10,74
math.CV,2021-11,106
math.CV,2021-12,97
math.CV,2022-01,84
math.CV,2022-02,76
math.CV,2022-03,81
math.CV,2022-04,76
math.CV,2022-05,69
math.CV,2022-06,92
math.CV,2022-07,88
math.CV,2022-08,96
math.CV,2022-09,92
math.CV,2022-10,110
math.CV,2022-11,100
math.CV,2022-12,80
math.CV,2023-01,72
math.CV,2023-02,69
math.CV,2023-03,81
math.CV,2023-04,78
math.CV,2023-05,91
math.CV,2023-06,86
math.CV,2023-07,86
math.CV,2023-08,94
math.CV,2023-09,101
math.CV,2023-10,96
math.CV,2023-11,92
math.CV,2023-12,96
math.CV,2024-01,98
math.CV,2024-02,83
math.CV,2024-03,80
math.CV,2024-04,91
math.CV,2024-05,122
math.CV,2024-06,88
math.CV,2024-07,110
math.CV,2024-08,80
math.CV,2024-09,119
math.CV,2024-10,110
math.CV,2024-11,89
math.CV,2024-12,77
math.CV,2025-01,82
math.CV,2025-02,98
math.CV,2025-03,105
math.CV,2025-04,94
math.CV,2025-05,109
math.CV,2025-06,91
math.CV,2025-07,99
math.CV,2025-08,90
math.CV,2025-09,110
math.CV,2025-10,105
math.CV,2025-11,120
math.CV,2025-12,136
math.CV,2026-01,88
math.CV,2026-02,100
math.CV,2026-03,134
math.CV,2026-04,111
math.CV,2026-05,133
math.CV,2026-06,143
math.DG,2017-01,182
math.DG,2017-02,153
math.DG,2017-03,198
math.DG,2017-04,146
math.DG,2017-05,206
math.DG,2017-06,173
math.DG,2017-07,167
math.DG,2017-08,165
math.DG,2017-09,210
math.DG,2017-10,202
math.DG,2017-11,195
math.DG,2017-12,202
math.DG,2018-01,167
math.DG,2018-02,185
math.DG,2018-03,196
math.DG,2018-04,178
math.DG,2018-05,197
math.DG,2018-06,165
math.DG,2018-07,186
math.DG,2018-08,190
math.DG,2018-09,171
math.DG,2018-10,223
math.DG,2018-11,191
math.DG,2018-12,185
math.DG,2019-01,192
math.DG,2019-02,171
math.DG,2019-03,202
math.DG,2019-04,188
math.DG,2019-05,207
math.DG,2019-06,159
math.DG,2019-07,180
math.DG,2019-08,175
math.DG,2019-09,236
math.DG,2019-10,239
math.DG,2019-11,206
math.DG,2019-12,195
math.DG,2020-01,196
math.DG,2020-02,174
math.DG,2020-03,203
math.DG,2020-04,210
math.DG,2020-05,184
math.DG,2020-06,209
math.DG,2020-07,249
math.DG,2020-08,198
math.DG,2020-09,224
math.DG,2020-10,219
math.DG,2020-11,182
math.DG,2020-12,222
math.DG,2021-01,188
math.DG,2021-02,174
math.DG,2021-03,211
math.DG,2021-04,170
math.DG,2021-05,214
math.DG,2021-06,190
math.DG,2021-07,193
math.DG,2021-08,199
math.DG,2021-09,221
math.DG,2021-10,201
math.DG,2021-11,202
math.DG,2021-12,208
math.DG,2022-01,185
math.DG,2022-02,174
math.DG,2022-03,214
math.DG,2022-04,213
math.DG,2022-05,203
math.DG,2022-06,204
math.DG,2022-07,178
math.DG,2022-08,205
math.DG,2022-09,191
math.DG,2022-10,221
math.DG,2022-11,200
math.DG,2022-12,205
math.DG,2023-01,165
math.DG,2023-02,180
math.DG,2023-03,230
math.DG,2023-04,184
math.DG,2023-05,226
math.DG,2023-06,229
math.DG,2023-07,202
math.DG,2023-08,195
math.DG,2023-09,248
math.DG,2023-10,255
math.DG,2023-11,208
math.DG,2023-12,201
math.DG,2024-01,234
math.DG,2024-02,206
math.DG,2024-03,213
math.DG,2024-04,249
math.DG,2024-05,232
math.DG,2024-06,222
math.DG,2024-07,237
math.DG,2024-08,187
math.DG,2024-09,220
math.DG,2024-10,261
math.DG,2024-11,214
math.DG,2024-12,251
math.DG,2025-01,210
math.DG,2025-02,218
math.DG,2025-03,248
math.DG,2025-04,242
math.DG,2025-05,231
math.DG,2025-06,223
math.DG,2025-07,297
math.DG,2025-08,215
math.DG,2025-09,256
math.DG,2025-10,278
math.DG,2025-11,273
math.DG,2025-12,302
math.DG,2026-01,251
math.DG,2026-02,238
math.DG,2026-03,281
math.DG,2026-04,289
math.DG,2026-05,312
math.DG,2026-06,371
math.DS,2017-01,172
math.DS,2017-02,189
math.DS,2017-03,187
math.DS,2017-04,134
math.DS,2017-05,210
math.DS,2017-06,183
math.DS,2017-07,166
math.DS,2017-08,163
math.DS,2017-09,164
math.DS,2017-10,199
math.DS,2017-11,186
math.DS,2017-12,177
math.DS,2018-01,178
math.DS,2018-02,180
math.DS,2018-03,212
math.DS,2018-04,159
math.DS,2018-05,204
math.DS,2018-06,169
math.DS,2018-07,174
math.DS,2018-08,172
math.DS,2018-09,168
math.DS,2018-10,213
math.DS,2018-11,178
math.DS,2018-12,184
math.DS,2019-01,206
math.DS,2019-02,207
math.DS,2019-03,198
math.DS,2019-04,211
math.DS,2019-05,218
math.DS,2019-06,193
math.DS,2019-07,204
math.DS,2019-08,202
math.DS,2019-09,241
math.DS,2019-10,264
math.DS,2019-11,199
math.DS,2019-12,206
math.DS,2020-01,206
math.DS,2020-02,221
math.DS,2020-03,252
math.DS,2020-04,243
math.DS,2020-05,246
math.DS,2020-06,281
math.DS,2020-07,242
math.DS,2020-08,196
math.DS,2020-09,239
math.DS,2020-10,252
math.DS,2020-11,218
math.DS,2020-12,260
math.DS,2021-01,209
math.DS,2021-02,233
math.DS,2021-03,273
math.DS,2021-04,228
math.DS,2021-05,247
math.DS,2021-06,237
math.DS,2021-07,212
math.DS,2021-08,202
math.DS,2021-09,221
math.DS,2021-10,227
math.DS,2021-11,245
math.DS,2021-12,262
math.DS,2022-01,185
math.DS,2022-02,217
math.DS,2022-03,266
math.DS,2022-04,179
math.DS,2022-05,212
math.DS,2022-06,230
math.DS,2022-07,206
math.DS,2022-08,232
math.DS,2022-09,270
math.DS,2022-10,231
math.DS,2022-11,224
math.DS,2022-12,194
math.DS,2023-01,213
math.DS,2023-02,235
math.DS,2023-03,287
math.DS,2023-04,216
math.DS,2023-05,247
math.DS,2023-06,240
math.DS,2023-07,238
math.DS,2023-08,231
math.DS,2023-09,242
math.DS,2023-10,268
math.DS,2023-11,248
math.DS,2023-12,248
math.DS,2024-01,266
math.DS,2024-02,247
math.DS,2024-03,279
math.DS,2024-04,235
math.DS,2024-05,276
math.DS,2024-06,229
math.DS,2024-07,273
math.DS,2024-08,232
math.DS,2024-09,260
math.DS,2024-10,319
math.DS,2024-11,283
math.DS,2024-12,249
math.DS,2025-01,247
math.DS,2025-02,200
math.DS,2025-03,256
math.DS,2025-04,269
math.DS,2025-05,240
math.DS,2025-06,225
math.DS,2025-07,276
math.DS,2025-08,236
math.DS,2025-09,282
math.DS,2025-10,339
math.DS,2025-11,286
math.DS,2025-12,304
math.DS,2026-01,271
math.DS,2026-02,252
math.DS,2026-03,394
math.DS,2026-04,345
math.DS,2026-05,324
math.DS,2026-06,344
math.FA,2017-01,118
math.FA,2017-02,116
math.FA,2017-03,181
math.FA,2017-04,126
math.FA,2017-05,165
math.FA,2017-06,202
math.FA,2017-07,130
math.FA,2017-08,144
math.FA,2017-09,150
math.FA,2017-10,173
math.FA,2017-11,180
math.FA,2017-12,139
math.FA,2018-01,168
math.FA,2018-02,140
math.FA,2018-03,185
math.FA,2018-04,184
math.FA,2018-05,161
math.FA,2018-06,159
math.FA,2018-07,143
math.FA,2018-08,153
math.FA,2018-09,138
math.FA,2018-10,163
math.FA,2018-11,176
math.FA,2018-12,183
math.FA,2019-01,163
math.FA,2019-02,186
math.FA,2019-03,182
math.FA,2019-04,172
math.FA,2019-05,207
math.FA,2019-06,154
math.FA,2019-07,202
math.FA,2019-08,152
math.FA,2019-09,186
math.FA,2019-10,188
math.FA,2019-11,166
math.FA,2019-12,229
math.FA,2020-01,157
math.FA,2020-02,176
math.FA,2020-03,190
math.FA,2020-04,193
math.FA,2020-05,211
math.FA,2020-06,215
math.FA,2020-07,229
math.FA,2020-08,157
math.FA,2020-09,190
math.FA,2020-10,187
math.FA,2020-11,184
math.FA,2020-12,206
math.FA,2021-01,178
math.FA,2021-02,146
math.FA,2021-03,177
math.FA,2021-04,194
math.FA,2021-05,173
math.FA,2021-06,164
math.FA,2021-07,193
math.FA,2021-08,171
math.FA,2021-09,188
math.FA,2021-10,179
math.FA,2021-11,170
math.FA,2021-12,182
math.FA,2022-01,188
math.FA,2022-02,156
math.FA,2022-03,204
math.FA,2022-04,202
math.FA,2022-05,168
math.FA,2022-06,173
math.FA,2022-07,197
math.FA,2022-08,177
math.FA,2022-09,190
math.FA,2022-10,180
math.FA,2022-11,164
math.FA,2022-12,191
math.FA,2023-01,176
math.FA,2023-02,156
math.FA,2023-03,199
math.FA,2023-04,155
math.FA,2023-05,225
math.FA,2023-06,193
math.FA,2023-07,195
math.FA,2023-08,150
math.FA,2023-09,171
math.FA,2023-10,166
math.FA,2023-11,156
math.FA,2023-12,171
math.FA,2024-01,203
math.FA,2024-02,221
math.FA,2024-03,184
math.FA,2024-04,207
math.FA,2024-05,235
math.FA,2024-06,174
math.FA,2024-07,227
math.FA,2024-08,166
math.FA,2024-09,204
math.FA,2024-10,232
math.FA,2024-11,187
math.FA,2024-12,191
math.FA,2025-01,182
math.FA,2025-02,192
math.FA,2025-03,232
math.FA,2025-04,206
math.FA,2025-05,214
math.FA,2025-06,192
math.FA,2025-07,225
math.FA,2025-08,216
math.FA,2025-09,233
math.FA,2025-10,223
math.FA,2025-11,199
math.FA,2025-12,260
math.FA,2026-01,216
math.FA,2026-02,195
math.FA,2026-03,262
math.FA,2026-04,212
math.FA,2026-05,265
math.FA,2026-06,315
math.GM,2017-01,17
math.GM,2017-02,14
math.GM,2017-03,17
math.GM,2017-04,17
math.GM,2017-05,5
math.GM,2017-06,19
math.GM,2017-07,19
math.GM,2017-08,13
math.GM,2017-09,9
math.GM,2017-10,12
math.GM,2017-11,16
math.GM,2017-12,9
math.GM,2018-01,10
math.GM,2018-02,21
math.GM,2018-03,13
math.GM,2018-04,13
math.GM,2018-05,13
math.GM,2018-06,15
math.GM,2018-07,8
math.GM,2018-08,16
math.GM,2018-09,9
math.GM,2018-10,11
math.GM,2018-11,13
math.GM,2018-12,15
math.GM,2019-01,30
math.GM,2019-02,29
math.GM,2019-03,22
math.GM,2019-04,19
math.GM,2019-05,37
math.GM,2019-06,10
math.GM,2019-07,24
math.GM,2019-08,14
math.GM,2019-09,25
math.GM,2019-10,27
math.GM,2019-11,27
math.GM,2019-12,24
math.GM,2020-01,19
math.GM,2020-02,25
math.GM,2020-03,38
math.GM,2020-04,17
math.GM,2020-05,25
math.GM,2020-06,29
math.GM,2020-07,23
math.GM,2020-08,20
math.GM,2020-09,18
math.GM,2020-10,27
math.GM,2020-11,13
math.GM,2020-12,25
math.GM,2021-01,34
math.GM,2021-02,24
math.GM,2021-03,37
math.GM,2021-04,27
math.GM,2021-05,23
math.GM,2021-06,24
math.GM,2021-07,18
math.GM,2021-08,20
math.GM,2021-09,26
math.GM,2021-10,26
math.GM,2021-11,20
math.GM,2021-12,24
math.GM,2022-01,29
math.GM,2022-02,14
math.GM,2022-03,13
math.GM,2022-04,27
math.GM,2022-05,22
math.GM,2022-06,31
math.GM,2022-07,10
math.GM,2022-08,19
math.GM,2022-09,27
math.GM,2022-10,21
math.GM,2022-11,23
math.GM,2022-12,18
math.GM,2023-01,26
math.GM,2023-02,21
math.GM,2023-03,21
math.GM,2023-04,29
math.GM,2023-05,34
math.GM,2023-06,28
math.GM,2023-07,18
math.GM,2023-08,25
math.GM,2023-09,11
math.GM,2023-10,31
math.GM,2023-11,25
math.GM,2023-12,27
math.GM,2024-01,20
math.GM,2024-02,7
math.GM,2024-03,67
math.GM,2024-04,34
math.GM,2024-05,31
math.GM,2024-06,27
math.GM,2024-07,35
math.GM,2024-08,10
math.GM,2024-09,28
math.GM,2024-10,19
math.GM,2024-11,14
math.GM,2024-12,34
math.GM,2025-01,27
math.GM,2025-02,28
math.GM,2025-03,35
math.GM,2025-04,31
math.GM,2025-05,27
math.GM,2025-06,38
math.GM,2025-07,33
math.GM,2025-08,27
math.GM,2025-09,44
math.GM,2025-10,32
math.GM,2025-11,36
math.GM,2025-12,36
math.GM,2026-01,39
math.GM,2026-02,52
math.GM,2026-03,52
math.GM,2026-04,55
math.GM,2026-05,38
math.GM,2026-06,46
math.GN,2017-01,22
math.GN,2017-02,32
math.GN,2017-03,27
math.GN,2017-04,13
math.GN,2017-05,20
math.GN,2017-06,29
math.GN,2017-07,23
math.GN,2017-08,20
math.GN,2017-09,25
math.GN,2017-10,25
math.GN,2017-11,23
math.GN,2017-12,27
math.GN,2018-01,26
math.GN,2018-02,15
math.GN,2018-03,34
math.GN,2018-04,26
math.GN,2018-05,31
math.GN,2018-06,36
math.GN,2018-07,24
math.GN,2018-08,22
math.GN,2018-09,32
math.GN,2018-10,25
math.GN,2018-11,30
math.GN,2018-12,29
math.GN,2019-01,30
math.GN,2019-02,30
math.GN,2019-03,27
math.GN,2019-04,34
math.GN,2019-05,32
math.GN,2019-06,23
math.GN,2019-07,31
math.GN,2019-08,31
math.GN,2019-09,33
math.GN,2019-10,39
math.GN,2019-11,32
math.GN,2019-12,33
math.GN,2020-01,29
math.GN,2020-02,27
math.GN,2020-03,27
math.GN,2020-04,33
math.GN,2020-05,23
math.GN,2020-06,31
math.GN,2020-07,35
math.GN,2020-08,10
math.GN,2020-09,29
math.GN,2020-10,18
math.GN,2020-11,25
math.GN,2020-12,28
math.GN,2021-01,24
math.GN,2021-02,23
math.GN,2021-03,32
math.GN,2021-04,36
math.GN,2021-05,30
math.GN,2021-06,15
math.GN,2021-07,27
math.GN,2021-08,30
math.GN,2021-09,35
math.GN,2021-10,26
math.GN,2021-11,43
math.GN,2021-12,32
math.GN,2022-01,21
math.GN,2022-02,23
math.GN,2022-03,26
math.GN,2022-04,32
math.GN,2022-05,30
math.GN,2022-06,33
math.GN,2022-07,36
math.GN,2022-08,32
math.GN,2022-09,22
math.GN,2022-10,36
math.GN,2022-11,51
math.GN,2022-12,28
math.GN,2023-01,25
math.GN,2023-02,25
math.GN,2023-03,36
math.GN,2023-04,23
math.GN,2023-05,29
math.GN,2023-06,18
math.GN,2023-07,36
math.GN,2023-08,40
math.GN,2023-09,35
math.GN,2023-10,22
math.GN,2023-11,27
math.GN,2023-12,35
math.GN,2024-01,36
math.GN,2024-02,19
math.GN,2024-03,33
math.GN,2024-04,36
math.GN,2024-05,34
math.GN,2024-06,31
math.GN,2024-07,45
math.GN,2024-08,23
math.GN,2024-09,28
math.GN,2024-10,19
math.GN,2024-11,21
math.GN,2024-12,48
math.GN,2025-01,36
math.GN,2025-02,28
math.GN,2025-03,34
math.GN,2025-04,28
math.GN,2025-05,22
math.GN,2025-06,30
math.GN,2025-07,32
math.GN,2025-08,34
math.GN,2025-09,26
math.GN,2025-10,50
math.GN,2025-11,32
math.GN,2025-12,32
math.GN,2026-01,42
math.GN,2026-02,37
math.GN,2026-03,28
math.GN,2026-04,36
math.GN,2026-05,33
math.GN,2026-06,37
math.GT,2017-01,81
math.GT,2017-02,79
math.GT,2017-03,106
math.GT,2017-04,92
math.GT,2017-05,88
math.GT,2017-06,74
math.GT,2017-07,98
math.GT,2017-08,109
math.GT,2017-09,95
math.GT,2017-10,121
math.GT,2017-11,113
math.GT,2017-12,96
math.GT,2018-01,90
math.GT,2018-02,80
math.GT,2018-03,101
math.GT,2018-04,100
math.GT,2018-05,104
math.GT,2018-06,79
math.GT,2018-07,77
math.GT,2018-08,86
math.GT,2018-09,92
math.GT,2018-10,116
math.GT,2018-11,96
math.GT,2018-12,93
math.GT,2019-01,90
math.GT,2019-02,112
math.GT,2019-03,99
math.GT,2019-04,115
math.GT,2019-05,91
math.GT,2019-06,77
math.GT,2019-07,101
math.GT,2019-08,96
math.GT,2019-09,135
math.GT,2019-10,126
math.GT,2019-11,99
math.GT,2019-12,122
math.GT,2020-01,91
math.GT,2020-02,112
math.GT,2020-03,107
math.GT,2020-04,111
math.GT,2020-05,115
math.GT,2020-06,122
math.GT,2020-07,112
math.GT,2020-08,119
math.GT,2020-09,131
math.GT,2020-10,140
math.GT,2020-11,112
math.GT,2020-12,128
math.GT,2021-01,99
math.GT,2021-02,75
math.GT,2021-03,120
math.GT,2021-04,105
math.GT,2021-05,108
math.GT,2021-06,97
math.GT,2021-07,96
math.GT,2021-08,107
math.GT,2021-09,112
math.GT,2021-10,106
math.GT,2021-11,115
math.GT,2021-12,95
math.GT,2022-01,80
math.GT,2022-02,108
math.GT,2022-03,98
math.GT,2022-04,90
math.GT,2022-05,108
math.GT,2022-06,111
math.GT,2022-07,111
math.GT,2022-08,117
math.GT,2022-09,114
math.GT,2022-10,117
math.GT,2022-11,101
math.GT,2022-12,120
math.GT,2023-01,90
math.GT,2023-02,81
math.GT,2023-03,136
math.GT,2023-04,97
math.GT,2023-05,102
math.GT,2023-06,121
math.GT,2023-07,121
math.GT,2023-08,137
math.GT,2023-09,125
math.GT,2023-10,147
math.GT,2023-11,122
math.GT,2023-12,111
math.GT,2024-01,127
math.GT,2024-02,121
math.GT,2024-03,115
math.GT,2024-04,108
math.GT,2024-05,110
math.GT,2024-06,107
math.GT,2024-07,111
math.GT,2024-08,92
math.GT,2024-09,136
math.GT,2024-10,149
math.GT,2024-11,109
math.GT,2024-12,133
math.GT,2025-01,112
math.GT,2025-02,98
math.GT,2025-03,110
math.GT,2025-04,145
math.GT,2025-05,125
math.GT,2025-06,114
math.GT,2025-07,131
math.GT,2025-08,132
math.GT,2025-09,136
math.GT,2025-10,160
math.GT,2025-11,138
math.GT,2025-12,156
math.GT,2026-01,107
math.GT,2026-02,109
math.GT,2026-03,141
math.GT,2026-04,150
math.GT,2026-05,143
math.GT,2026-06,126
math.GR,2017-01,93
math.GR,2017-02,106
math.GR,2017-03,102
math.GR,2017-04,72
math.GR,2017-05,107
math.GR,2017-06,96
math.GR,2017-07,105
math.GR,2017-08,95
math.GR,2017-09,98
math.GR,2017-10,119
math.GR,2017-11,109
math.GR,2017-12,84
math.GR,2018-01,104
math.GR,2018-02,108
math.GR,2018-03,113
math.GR,2018-04,115
math.GR,2018-05,111
math.GR,2018-06,99
math.GR,2018-07,115
math.GR,2018-08,93
math.GR,2018-09,85
math.GR,2018-10,120
math.GR,2018-11,114
math.GR,2018-12,103
math.GR,2019-01,133
math.GR,2019-02,100
math.GR,2019-03,98
math.GR,2019-04,123
math.GR,2019-05,102
math.GR,2019-06,92
math.GR,2019-07,101
math.GR,2019-08,108
math.GR,2019-09,136
math.GR,2019-10,132
math.GR,2019-11,108
math.GR,2019-12,107
math.GR,2020-01,101
math.GR,2020-02,133
math.GR,2020-03,122
math.GR,2020-04,136
math.GR,2020-05,114
math.GR,2020-06,144
math.GR,2020-07,120
math.GR,2020-08,113
math.GR,2020-09,130
math.GR,2020-10,135
math.GR,2020-11,114
math.GR,2020-12,115
math.GR,2021-01,104
math.GR,2021-02,110
math.GR,2021-03,125
math.GR,2021-04,86
math.GR,2021-05,113
math.GR,2021-06,123
math.GR,2021-07,121
math.GR,2021-08,84
math.GR,2021-09,101
math.GR,2021-10,108
math.GR,2021-11,105
math.GR,2021-12,127
math.GR,2022-01,112
math.GR,2022-02,125
math.GR,2022-03,122
math.GR,2022-04,119
math.GR,2022-05,119
math.GR,2022-06,136
math.GR,2022-07,108
math.GR,2022-08,134
math.GR,2022-09,133
math.GR,2022-10,127
math.GR,2022-11,116
math.GR,2022-12,125
math.GR,2023-01,115
math.GR,2023-02,107
math.GR,2023-03,149
math.GR,2023-04,132
math.GR,2023-05,146
math.GR,2023-06,106
math.GR,2023-07,119
math.GR,2023-08,131
math.GR,2023-09,126
math.GR,2023-10,139
math.GR,2023-11,119
math.GR,2023-12,125
math.GR,2024-01,149
math.GR,2024-02,143
math.GR,2024-03,135
math.GR,2024-04,115
math.GR,2024-05,154
math.GR,2024-06,115
math.GR,2024-07,144
math.GR,2024-08,120
math.GR,2024-09,140
math.GR,2024-10,176
math.GR,2024-11,128
math.GR,2024-12,151
math.GR,2025-01,109
math.GR,2025-02,120
math.GR,2025-03,141
math.GR,2025-04,179
math.GR,2025-05,140
math.GR,2025-06,138
math.GR,2025-07,164
math.GR,2025-08,126
math.GR,2025-09,169
math.GR,2025-10,162
math.GR,2025-11,154
math.GR,2025-12,166
math.GR,2026-01,151
math.GR,2026-02,134
math.GR,2026-03,160
math.GR,2026-04,157
math.GR,2026-05,174
math.GR,2026-06,184
math.HO,2017-01,18
math.HO,2017-02,21
math.HO,2017-03,17
math.HO,2017-04,14
math.HO,2017-05,16
math.HO,2017-06,13
math.HO,2017-07,20
math.HO,2017-08,15
math.HO,2017-09,17
math.HO,2017-10,22
math.HO,2017-11,24
math.HO,2017-12,14
math.HO,2018-01,21
math.HO,2018-02,26
math.HO,2018-03,20
math.HO,2018-04,22
math.HO,2018-05,23
math.HO,2018-06,12
math.HO,2018-07,13
math.HO,2018-08,23
math.HO,2018-09,15
math.HO,2018-10,22
math.HO,2018-11,17
math.HO,2018-12,25
math.HO,2019-01,18
math.HO,2019-02,14
math.HO,2019-03,18
math.HO,2019-04,26
math.HO,2019-05,20
math.HO,2019-06,12
math.HO,2019-07,23
math.HO,2019-08,32
math.HO,2019-09,17
math.HO,2019-10,29
math.HO,2019-11,18
math.HO,2019-12,36
math.HO,2020-01,24
math.HO,2020-02,24
math.HO,2020-03,24
math.HO,2020-04,28
math.HO,2020-05,19
math.HO,2020-06,19
math.HO,2020-07,11
math.HO,2020-08,33
math.HO,2020-09,21
math.HO,2020-10,18
math.HO,2020-11,21
math.HO,2020-12,27
math.HO,2021-01,23
math.HO,2021-02,16
math.HO,2021-03,21
math.HO,2021-04,15
math.HO,2021-05,33
math.HO,2021-06,23
math.HO,2021-07,23
math.HO,2021-08,20
math.HO,2021-09,17
math.HO,2021-10,13
math.HO,2021-11,18
math.HO,2021-12,22
math.HO,2022-01,31
math.HO,2022-02,14
math.HO,2022-03,14
math.HO,2022-04,20
math.HO,2022-05,18
math.HO,2022-06,25
math.HO,2022-07,20
math.HO,2022-08,27
math.HO,2022-09,18
math.HO,2022-10,23
math.HO,2022-11,25
math.HO,2022-12,25
math.HO,2023-01,17
math.HO,2023-02,22
math.HO,2023-03,26
math.HO,2023-04,15
math.HO,2023-05,21
math.HO,2023-06,20
math.HO,2023-07,27
math.HO,2023-08,34
math.HO,2023-09,29
math.HO,2023-10,32
math.HO,2023-11,25
math.HO,2023-12,15
math.HO,2024-01,25
math.HO,2024-02,24
math.HO,2024-03,27
math.HO,2024-04,31
math.HO,2024-05,20
math.HO,2024-06,28
math.HO,2024-07,13
math.HO,2024-08,14
math.HO,2024-09,12
math.HO,2024-10,22
math.HO,2024-11,15
math.HO,2024-12,24
math.HO,2025-01,34
math.HO,2025-02,31
math.HO,2025-03,27
math.HO,2025-04,18
math.HO,2025-05,19
math.HO,2025-06,23
math.HO,2025-07,23
math.HO,2025-08,34
math.HO,2025-09,26
math.HO,2025-10,27
math.HO,2025-11,27
math.HO,2025-12,33
math.HO,2026-01,35
math.HO,2026-02,26
math.HO,2026-03,27
math.HO,2026-04,27
math.HO,2026-05,26
math.HO,2026-06,29
cs.IT,2017-01,423
cs.IT,2017-02,302
cs.IT,2017-03,306
cs.IT,2017-04,281
cs.IT,2017-05,333
cs.IT,2017-06,264
cs.IT,2017-07,268
cs.IT,2017-08,248
cs.IT,2017-09,280
cs.IT,2017-10,287
cs.IT,2017-11,269
cs.IT,2017-12,252
cs.IT,2018-01,435
cs.IT,2018-02,277
cs.IT,2018-03,274
cs.IT,2018-04,280
cs.IT,2018-05,317
cs.IT,2018-06,274
cs.IT,2018-07,251
cs.IT,2018-08,234
cs.IT,2018-09,231
cs.IT,2018-10,225
cs.IT,2018-11,216
cs.IT,2018-12,223
cs.IT,2019-01,370
cs.IT,2019-02,262
cs.IT,2019-03,258
cs.IT,2019-04,296
cs.IT,2019-05,287
cs.IT,2019-06,207
cs.IT,2019-07,294
cs.IT,2019-08,220
cs.IT,2019-09,226
cs.IT,2019-10,308
cs.IT,2019-11,289
cs.IT,2019-12,266
cs.IT,2020-01,404
cs.IT,2020-02,326
cs.IT,2020-03,275
cs.IT,2020-04,279
cs.IT,2020-05,310
cs.IT,2020-06,310
cs.IT,2020-07,290
cs.IT,2020-08,240
cs.IT,2020-09,281
cs.IT,2020-10,312
cs.IT,2020-11,287
cs.IT,2020-12,290
cs.IT,2021-01,290
cs.IT,2021-02,373
cs.IT,2021-03,332
cs.IT,2021-04,288
cs.IT,2021-05,371
cs.IT,2021-06,303
cs.IT,2021-07,304
cs.IT,2021-08,267
cs.IT,2021-09,284
cs.IT,2021-10,306
cs.IT,2021-11,286
cs.IT,2021-12,278
cs.IT,2022-01,319
cs.IT,2022-02,349
cs.IT,2022-03,270
cs.IT,2022-04,220
cs.IT,2022-05,373
cs.IT,2022-06,322
cs.IT,2022-07,262
cs.IT,2022-08,306
cs.IT,2022-09,264
cs.IT,2022-10,317
cs.IT,2022-11,308
cs.IT,2022-12,256
cs.IT,2023-01,256
cs.IT,2023-02,270
cs.IT,2023-03,315
cs.IT,2023-04,280
cs.IT,2023-05,456
cs.IT,2023-06,271
cs.IT,2023-07,268
cs.IT,2023-08,275
cs.IT,2023-09,289
cs.IT,2023-10,309
cs.IT,2023-11,316
cs.IT,2023-12,293
cs.IT,2024-01,427
cs.IT,2024-02,319
cs.IT,2024-03,316
cs.IT,2024-04,356
cs.IT,2024-05,399
cs.IT,2024-06,257
cs.IT,2024-07,311
cs.IT,2024-08,250
cs.IT,2024-09,263
cs.IT,2024-10,327
cs.IT,2024-11,263
cs.IT,2024-12,265
cs.IT,2025-01,417
cs.IT,2025-02,285
cs.IT,2025-03,242
cs.IT,2025-04,324
cs.IT,2025-05,302
cs.IT,2025-06,315
cs.IT,2025-07,344
cs.IT,2025-08,252
cs.IT,2025-09,335
cs.IT,2025-10,389
cs.IT,2025-11,310
cs.IT,2025-12,304
cs.IT,2026-01,477
cs.IT,2026-02,338
cs.IT,2026-03,404
cs.IT,2026-04,394
cs.IT,2026-05,477
cs.IT,2026-06,417
math.KT,2017-01,10
math.KT,2017-02,14
math.KT,2017-03,31
math.KT,2017-04,21
math.KT,2017-05,39
math.KT,2017-06,23
math.KT,2017-07,26
math.KT,2017-08,17
math.KT,2017-09,14
math.KT,2017-10,31
math.KT,2017-11,30
math.KT,2017-12,25
math.KT,2018-01,20
math.KT,2018-02,20
math.KT,2018-03,37
math.KT,2018-04,26
math.KT,2018-05,22
math.KT,2018-06,22
math.KT,2018-07,28
math.KT,2018-08,18
math.KT,2018-09,29
math.KT,2018-10,31
math.KT,2018-11,32
math.KT,2018-12,26
math.KT,2019-01,34
math.KT,2019-02,19
math.KT,2019-03,19
math.KT,2019-04,26
math.KT,2019-05,38
math.KT,2019-06,24
math.KT,2019-07,31
math.KT,2019-08,32
math.KT,2019-09,27
math.KT,2019-10,37
math.KT,2019-11,25
math.KT,2019-12,27
math.KT,2020-01,28
math.KT,2020-02,25
math.KT,2020-03,27
math.KT,2020-04,24
math.KT,2020-05,20
math.KT,2020-06,30
math.KT,2020-07,34
math.KT,2020-08,24
math.KT,2020-09,37
math.KT,2020-10,29
math.KT,2020-11,22
math.KT,2020-12,25
math.KT,2021-01,23
math.KT,2021-02,20
math.KT,2021-03,23
math.KT,2021-04,14
math.KT,2021-05,23
math.KT,2021-06,25
math.KT,2021-07,18
math.KT,2021-08,22
math.KT,2021-09,27
math.KT,2021-10,24
math.KT,2021-11,34
math.KT,2021-12,31
math.KT,2022-01,21
math.KT,2022-02,29
math.KT,2022-03,27
math.KT,2022-04,33
math.KT,2022-05,21
math.KT,2022-06,25
math.KT,2022-07,27
math.KT,2022-08,18
math.KT,2022-09,28
math.KT,2022-10,30
math.KT,2022-11,39
math.KT,2022-12,19
math.KT,2023-01,15
math.KT,2023-02,21
math.KT,2023-03,35
math.KT,2023-04,31
math.KT,2023-05,33
math.KT,2023-06,29
math.KT,2023-07,30
math.KT,2023-08,24
math.KT,2023-09,22
math.KT,2023-10,26
math.KT,2023-11,35
math.KT,2023-12,21
math.KT,2024-01,30
math.KT,2024-02,25
math.KT,2024-03,21
math.KT,2024-04,28
math.KT,2024-05,34
math.KT,2024-06,27
math.KT,2024-07,38
math.KT,2024-08,25
math.KT,2024-09,32
math.KT,2024-10,43
math.KT,2024-11,30
math.KT,2024-12,30
math.KT,2025-01,29
math.KT,2025-02,22
math.KT,2025-03,28
math.KT,2025-04,27
math.KT,2025-05,37
math.KT,2025-06,36
math.KT,2025-07,35
math.KT,2025-08,27
math.KT,2025-09,41
math.KT,2025-10,23
math.KT,2025-11,22
math.KT,2025-12,38
math.KT,2026-01,23
math.KT,2026-02,21
math.KT,2026-03,33
math.KT,2026-04,30
math.KT,2026-05,25
math.KT,2026-06,30
math.LO,2017-01,73
math.LO,2017-02,60
math.LO,2017-03,60
math.LO,2017-04,67
math.LO,2017-05,63
math.LO,2017-06,64
math.LO,2017-07,72
math.LO,2017-08,77
math.LO,2017-09,62
math.LO,2017-10,75
math.LO,2017-11,57
math.LO,2017-12,62
math.LO,2018-01,64
math.LO,2018-02,70
math.LO,2018-03,77
math.LO,2018-04,82
math.LO,2018-05,70
math.LO,2018-06,62
math.LO,2018-07,62
math.LO,2018-08,74
math.LO,2018-09,68
math.LO,2018-10,108
math.LO,2018-11,73
math.LO,2018-12,77
math.LO,2019-01,77
math.LO,2019-02,78
math.LO,2019-03,69
math.LO,2019-04,81
math.LO,2019-05,84
math.LO,2019-06,51
math.LO,2019-07,80
math.LO,2019-08,71
math.LO,2019-09,78
math.LO,2019-10,94
math.LO,2019-11,56
math.LO,2019-12,74
math.LO,2020-01,65
math.LO,2020-02,78
math.LO,2020-03,67
math.LO,2020-04,102
math.LO,2020-05,67
math.LO,2020-06,95
math.LO,2020-07,79
math.LO,2020-08,81
math.LO,2020-09,86
math.LO,2020-10,79
math.LO,2020-11,73
math.LO,2020-12,69
math.LO,2021-01,68
math.LO,2021-02,73
math.LO,2021-03,84
math.LO,2021-04,84
math.LO,2021-05,83
math.LO,2021-06,79
math.LO,2021-07,78
math.LO,2021-08,81
math.LO,2021-09,78
math.LO,2021-10,82
math.LO,2021-11,78
math.LO,2021-12,70
math.LO,2022-01,49
math.LO,2022-02,58
math.LO,2022-03,80
math.LO,2022-04,76
math.LO,2022-05,63
math.LO,2022-06,75
math.LO,2022-07,70
math.LO,2022-08,80
math.LO,2022-09,99
math.LO,2022-10,82
math.LO,2022-11,64
math.LO,2022-12,76
math.LO,2023-01,79
math.LO,2023-02,82
math.LO,2023-03,109
math.LO,2023-04,92
math.LO,2023-05,101
math.LO,2023-06,70
math.LO,2023-07,76
math.LO,2023-08,84
math.LO,2023-09,78
math.LO,2023-10,95
math.LO,2023-11,85
math.LO,2023-12,83
math.LO,2024-01,102
math.LO,2024-02,93
math.LO,2024-03,95
math.LO,2024-04,89
math.LO,2024-05,98
math.LO,2024-06,98
math.LO,2024-07,89
math.LO,2024-08,75
math.LO,2024-09,88
math.LO,2024-10,93
math.LO,2024-11,90
math.LO,2024-12,97
math.LO,2025-01,96
math.LO,2025-02,72
math.LO,2025-03,99
math.LO,2025-04,81
math.LO,2025-05,94
math.LO,2025-06,82
math.LO,2025-07,111
math.LO,2025-08,105
math.LO,2025-09,83
math.LO,2025-10,110
math.LO,2025-11,106
math.LO,2025-12,121
math.LO,2026-01,93
math.LO,2026-02,126
math.LO,2026-03,131
math.LO,2026-04,98
math.LO,2026-05,129
math.LO,2026-06,131
math-ph,2017-01,327
math-ph,2017-02,299
math-ph,2017-03,339
math-ph,2017-04,259
math-ph,2017-05,372
math-ph,2017-06,290
math-ph,2017-07,261
math-ph,2017-08,293
math-ph,2017-09,317
math-ph,2017-10,325
math-ph,2017-11,350
math-ph,2017-12,344
math-ph,2018-01,259
math-ph,2018-02,253
math-ph,2018-03,307
math-ph,2018-04,310
math-ph,2018-05,327
math-ph,2018-06,287
math-ph,2018-07,307
math-ph,2018-08,284
math-ph,2018-09,272
math-ph,2018-10,356
math-ph,2018-11,326
math-ph,2018-12,354
math-ph,2019-01,294
math-ph,2019-02,262
math-ph,2019-03,333
math-ph,2019-04,328
math-ph,2019-05,378
math-ph,2019-06,326
math-ph,2019-07,387
math-ph,2019-08,333
math-ph,2019-09,359
math-ph,2019-10,438
math-ph,2019-11,311
math-ph,2019-12,418
math-ph,2020-01,287
math-ph,2020-02,308
math-ph,2020-03,387
math-ph,2020-04,355
math-ph,2020-05,336
math-ph,2020-06,399
math-ph,2020-07,381
math-ph,2020-08,362
math-ph,2020-09,344
math-ph,2020-10,367
math-ph,2020-11,361
math-ph,2020-12,411
math-ph,2021-01,302
math-ph,2021-02,320
math-ph,2021-03,387
math-ph,2021-04,369
math-ph,2021-05,324
math-ph,2021-06,352
math-ph,2021-07,368
math-ph,2021-08,359
math-ph,2021-09,361
math-ph,2021-10,303
math-ph,2021-11,354
math-ph,2021-12,421
math-ph,2022-01,323
math-ph,2022-02,322
math-ph,2022-03,383
math-ph,2022-04,317
math-ph,2022-05,330
math-ph,2022-06,355
math-ph,2022-07,321
math-ph,2022-08,347
math-ph,2022-09,356
math-ph,2022-10,372
math-ph,2022-11,389
math-ph,2022-12,418
math-ph,2023-01,339
math-ph,2023-02,323
math-ph,2023-03,395
math-ph,2023-04,354
math-ph,2023-05,396
math-ph,2023-06,391
math-ph,2023-07,396
math-ph,2023-08,370
math-ph,2023-09,396
math-ph,2023-10,427
math-ph,2023-11,378
math-ph,2023-12,458
math-ph,2024-01,389
math-ph,2024-02,378
math-ph,2024-03,411
math-ph,2024-04,387
math-ph,2024-05,406
math-ph,2024-06,366
math-ph,2024-07,458
math-ph,2024-08,392
math-ph,2024-09,439
math-ph,2024-10,481
math-ph,2024-11,451
math-ph,2024-12,476
math-ph,2025-01,392
math-ph,2025-02,356
math-ph,2025-03,412
math-ph,2025-04,397
math-ph,2025-05,421
math-ph,2025-06,441
math-ph,2025-07,463
math-ph,2025-08,395
math-ph,2025-09,484
math-ph,2025-10,515
math-ph,2025-11,435
math-ph,2025-12,606
math-ph,2026-01,423
math-ph,2026-02,423
math-ph,2026-03,525
math-ph,2026-04,511
math-ph,2026-05,519
math-ph,2026-06,584
math.MG,2017-01,41
math.MG,2017-02,52
math.MG,2017-03,66
math.MG,2017-04,47
math.MG,2017-05,64
math.MG,2017-06,54
math.MG,2017-07,55
math.MG,2017-08,57
math.MG,2017-09,56
math.MG,2017-10,52
math.MG,2017-11,50
math.MG,2017-12,61
math.MG,2018-01,49
math.MG,2018-02,47
math.MG,2018-03,56
math.MG,2018-04,71
math.MG,2018-05,44
math.MG,2018-06,51
math.MG,2018-07,57
math.MG,2018-08,48
math.MG,2018-09,63
math.MG,2018-10,66
math.MG,2018-11,64
math.MG,2018-12,61
math.MG,2019-01,42
math.MG,2019-02,56
math.MG,2019-03,50
math.MG,2019-04,57
math.MG,2019-05,79
math.MG,2019-06,60
math.MG,2019-07,79
math.MG,2019-08,77
math.MG,2019-09,67
math.MG,2019-10,78
math.MG,2019-11,58
math.MG,2019-12,63
math.MG,2020-01,48
math.MG,2020-02,67
math.MG,2020-03,66
math.MG,2020-04,82
math.MG,2020-05,67
math.MG,2020-06,73
math.MG,2020-07,88
math.MG,2020-08,68
math.MG,2020-09,83
math.MG,2020-10,73
math.MG,2020-11,51
math.MG,2020-12,71
math.MG,2021-01,48
math.MG,2021-02,57
math.MG,2021-03,56
math.MG,2021-04,57
math.MG,2021-05,58
math.MG,2021-06,67
math.MG,2021-07,61
math.MG,2021-08,61
math.MG,2021-09,71
math.MG,2021-10,68
math.MG,2021-11,62
math.MG,2021-12,75
math.MG,2022-01,62
math.MG,2022-02,67
math.MG,2022-03,78
math.MG,2022-04,67
math.MG,2022-05,54
math.MG,2022-06,71
math.MG,2022-07,69
math.MG,2022-08,62
math.MG,2022-09,60
math.MG,2022-10,61
math.MG,2022-11,69
math.MG,2022-12,75
math.MG,2023-01,50
math.MG,2023-02,62
math.MG,2023-03,75
math.MG,2023-04,65
math.MG,2023-05,77
math.MG,2023-06,64
math.MG,2023-07,60
math.MG,2023-08,81
math.MG,2023-09,65
math.MG,2023-10,66
math.MG,2023-11,58
math.MG,2023-12,65
math.MG,2024-01,64
math.MG,2024-02,62
math.MG,2024-03,63
math.MG,2024-04,72
math.MG,2024-05,70
math.MG,2024-06,67
math.MG,2024-07,90
math.MG,2024-08,73
math.MG,2024-09,65
math.MG,2024-10,77
math.MG,2024-11,70
math.MG,2024-12,85
math.MG,2025-01,73
math.MG,2025-02,71
math.MG,2025-03,81
math.MG,2025-04,66
math.MG,2025-05,94
math.MG,2025-06,76
math.MG,2025-07,58
math.MG,2025-08,70
math.MG,2025-09,78
math.MG,2025-10,100
math.MG,2025-11,81
math.MG,2025-12,84
math.MG,2026-01,66
math.MG,2026-02,84
math.MG,2026-03,99
math.MG,2026-04,80
math.MG,2026-05,106
math.MG,2026-06,127
math.NT,2017-01,195
math.NT,2017-02,172
math.NT,2017-03,244
math.NT,2017-04,159
math.NT,2017-05,205
math.NT,2017-06,231
math.NT,2017-07,215
math.NT,2017-08,190
math.NT,2017-09,202
math.NT,2017-10,237
math.NT,2017-11,223
math.NT,2017-12,178
math.NT,2018-01,206
math.NT,2018-02,196
math.NT,2018-03,206
math.NT,2018-04,187
math.NT,2018-05,224
math.NT,2018-06,223
math.NT,2018-07,190
math.NT,2018-08,181
math.NT,2018-09,244
math.NT,2018-10,279
math.NT,2018-11,214
math.NT,2018-12,224
math.NT,2019-01,212
math.NT,2019-02,191
math.NT,2019-03,202
math.NT,2019-04,221
math.NT,2019-05,200
math.NT,2019-06,194
math.NT,2019-07,228
math.NT,2019-08,201
math.NT,2019-09,247
math.NT,2019-10,298
math.NT,2019-11,199
math.NT,2019-12,259
math.NT,2020-01,245
math.NT,2020-02,249
math.NT,2020-03,251
math.NT,2020-04,228
math.NT,2020-05,293
math.NT,2020-06,319
math.NT,2020-07,228
math.NT,2020-08,227
math.NT,2020-09,254
math.NT,2020-10,285
math.NT,2020-11,224
math.NT,2020-12,267
math.NT,2021-01,240
math.NT,2021-02,242
math.NT,2021-03,262
math.NT,2021-04,226
math.NT,2021-05,232
math.NT,2021-06,254
math.NT,2021-07,212
math.NT,2021-08,237
math.NT,2021-09,256
math.NT,2021-10,256
math.NT,2021-11,292
math.NT,2021-12,239
math.NT,2022-01,231
math.NT,2022-02,219
math.NT,2022-03,272
math.NT,2022-04,233
math.NT,2022-05,237
math.NT,2022-06,255
math.NT,2022-07,274
math.NT,2022-08,251
math.NT,2022-09,243
math.NT,2022-10,259
math.NT,2022-11,300
math.NT,2022-12,220
math.NT,2023-01,251
math.NT,2023-02,234
math.NT,2023-03,301
math.NT,2023-04,215
math.NT,2023-05,241
math.NT,2023-06,240
math.NT,2023-07,240
math.NT,2023-08,286
math.NT,2023-09,280
math.NT,2023-10,281
math.NT,2023-11,241
math.NT,2023-12,263
math.NT,2024-01,315
math.NT,2024-02,261
math.NT,2024-03,280
math.NT,2024-04,261
math.NT,2024-05,293
math.NT,2024-06,271
math.NT,2024-07,290
math.NT,2024-08,254
math.NT,2024-09,293
math.NT,2024-10,312
math.NT,2024-11,282
math.NT,2024-12,266
math.NT,2025-01,249
math.NT,2025-02,277
math.NT,2025-03,302
math.NT,2025-04,312
math.NT,2025-05,305
math.NT,2025-06,265
math.NT,2025-07,309
math.NT,2025-08,337
math.NT,2025-09,351
math.NT,2025-10,387
math.NT,2025-11,289
math.NT,2025-12,348
math.NT,2026-01,328
math.NT,2026-02,320
math.NT,2026-03,405
math.NT,2026-04,323
math.NT,2026-05,357
math.NT,2026-06,409
math.NA,2017-01,205
math.NA,2017-02,178
math.NA,2017-03,217
math.NA,2017-04,184
math.NA,2017-05,233
math.NA,2017-06,194
math.NA,2017-07,199
math.NA,2017-08,190
math.NA,2017-09,225
math.NA,2017-10,241
math.NA,2017-11,253
math.NA,2017-12,237
math.NA,2018-01,233
math.NA,2018-02,222
math.NA,2018-03,262
math.NA,2018-04,245
math.NA,2018-05,269
math.NA,2018-06,256
math.NA,2018-07,231
math.NA,2018-08,228
math.NA,2018-09,241
math.NA,2018-10,257
math.NA,2018-11,269
math.NA,2018-12,260
math.NA,2019-01,253
math.NA,2019-02,252
math.NA,2019-03,250
math.NA,2019-04,231
math.NA,2019-05,291
math.NA,2019-06,262
math.NA,2019-07,292
math.NA,2019-08,235
math.NA,2019-09,275
math.NA,2019-10,298
math.NA,2019-11,255
math.NA,2019-12,328
math.NA,2020-01,282
math.NA,2020-02,300
math.NA,2020-03,301
math.NA,2020-04,299
math.NA,2020-05,281
math.NA,2020-06,333
math.NA,2020-07,346
math.NA,2020-08,252
math.NA,2020-09,269
math.NA,2020-10,327
math.NA,2020-11,346
math.NA,2020-12,342
math.NA,2021-01,326
math.NA,2021-02,319
math.NA,2021-03,420
math.NA,2021-04,340
math.NA,2021-05,359
math.NA,2021-06,361
math.NA,2021-07,304
math.NA,2021-08,308
math.NA,2021-09,298
math.NA,2021-10,370
math.NA,2021-11,340
math.NA,2021-12,353
math.NA,2022-01,319
math.NA,2022-02,308
math.NA,2022-03,371
math.NA,2022-04,273
math.NA,2022-05,318
math.NA,2022-06,312
math.NA,2022-07,310
math.NA,2022-08,298
math.NA,2022-09,344
math.NA,2022-10,357
math.NA,2022-11,355
math.NA,2022-12,335
math.NA,2023-01,341
math.NA,2023-02,332
math.NA,2023-03,378
math.NA,2023-04,323
math.NA,2023-05,401
math.NA,2023-06,398
math.NA,2023-07,360
math.NA,2023-08,347
math.NA,2023-09,317
math.NA,2023-10,427
math.NA,2023-11,359
math.NA,2023-12,355
math.NA,2024-01,404
math.NA,2024-02,408
math.NA,2024-03,425
math.NA,2024-04,425
math.NA,2024-05,411
math.NA,2024-06,321
math.NA,2024-07,471
math.NA,2024-08,331
math.NA,2024-09,391
math.NA,2024-10,452
math.NA,2024-11,374
math.NA,2024-12,382
math.NA,2025-01,386
math.NA,2025-02,383
math.NA,2025-03,414
math.NA,2025-04,403
math.NA,2025-05,393
math.NA,2025-06,441
math.NA,2025-07,421
math.NA,2025-08,382
math.NA,2025-09,467
math.NA,2025-10,522
math.NA,2025-11,401
math.NA,2025-12,416
math.NA,2026-01,428
math.NA,2026-02,410
math.NA,2026-03,523
math.NA,2026-04,490
math.NA,2026-05,520
math.NA,2026-06,588
math.OA,2017-01,47
math.OA,2017-02,26
math.OA,2017-03,57
math.OA,2017-04,38
math.OA,2017-05,76
math.OA,2017-06,62
math.OA,2017-07,38
math.OA,2017-08,49
math.OA,2017-09,52
math.OA,2017-10,56
math.OA,2017-11,59
math.OA,2017-12,56
math.OA,2018-01,41
math.OA,2018-02,41
math.OA,2018-03,67
math.OA,2018-04,64
math.OA,2018-05,57
math.OA,2018-06,56
math.OA,2018-07,55
math.OA,2018-08,43
math.OA,2018-09,43
math.OA,2018-10,49
math.OA,2018-11,79
math.OA,2018-12,56
math.OA,2019-01,61
math.OA,2019-02,45
math.OA,2019-03,49
math.OA,2019-04,64
math.OA,2019-05,64
math.OA,2019-06,61
math.OA,2019-07,72
math.OA,2019-08,44
math.OA,2019-09,41
math.OA,2019-10,50
math.OA,2019-11,50
math.OA,2019-12,51
math.OA,2020-01,53
math.OA,2020-02,54
math.OA,2020-03,47
math.OA,2020-04,48
math.OA,2020-05,54
math.OA,2020-06,70
math.OA,2020-07,49
math.OA,2020-08,51
math.OA,2020-09,66
math.OA,2020-10,56
math.OA,2020-11,50
math.OA,2020-12,55
math.OA,2021-01,55
math.OA,2021-02,44
math.OA,2021-03,49
math.OA,2021-04,46
math.OA,2021-05,58
math.OA,2021-06,40
math.OA,2021-07,62
math.OA,2021-08,65
math.OA,2021-09,72
math.OA,2021-10,55
math.OA,2021-11,51
math.OA,2021-12,51
math.OA,2022-01,55
math.OA,2022-02,47
math.OA,2022-03,60
math.OA,2022-04,52
math.OA,2022-05,39
math.OA,2022-06,40
math.OA,2022-07,41
math.OA,2022-08,53
math.OA,2022-09,58
math.OA,2022-10,53
math.OA,2022-11,67
math.OA,2022-12,45
math.OA,2023-01,58
math.OA,2023-02,54
math.OA,2023-03,63
math.OA,2023-04,58
math.OA,2023-05,58
math.OA,2023-06,55
math.OA,2023-07,65
math.OA,2023-08,46
math.OA,2023-09,53
math.OA,2023-10,55
math.OA,2023-11,57
math.OA,2023-12,66
math.OA,2024-01,57
math.OA,2024-02,56
math.OA,2024-03,60
math.OA,2024-04,62
math.OA,2024-05,68
math.OA,2024-06,59
math.OA,2024-07,57
math.OA,2024-08,51
math.OA,2024-09,66
math.OA,2024-10,75
math.OA,2024-11,59
math.OA,2024-12,75
math.OA,2025-01,50
math.OA,2025-02,55
math.OA,2025-03,66
math.OA,2025-04,64
math.OA,2025-05,67
math.OA,2025-06,66
math.OA,2025-07,72
math.OA,2025-08,70
math.OA,2025-09,75
math.OA,2025-10,75
math.OA,2025-11,71
math.OA,2025-12,81
math.OA,2026-01,73
math.OA,2026-02,78
math.OA,2026-03,66
math.OA,2026-04,90
math.OA,2026-05,87
math.OA,2026-06,94
math.OC,2017-01,207
math.OC,2017-02,233
math.OC,2017-03,285
math.OC,2017-04,225
math.OC,2017-05,261
math.OC,2017-06,245
math.OC,2017-07,231
math.OC,2017-08,213
math.OC,2017-09,269
math.OC,2017-10,271
math.OC,2017-11,291
math.OC,2017-12,220
math.OC,2018-01,245
math.OC,2018-02,321
math.OC,2018-03,375
math.OC,2018-04,267
math.OC,2018-05,300
math.OC,2018-06,260
math.OC,2018-07,266
math.OC,2018-08,237
math.OC,2018-09,325
math.OC,2018-10,384
math.OC,2018-11,291
math.OC,2018-12,276
math.OC,2019-01,297
math.OC,2019-02,335
math.OC,2019-03,406
math.OC,2019-04,342
math.OC,2019-05,392
math.OC,2019-06,343
math.OC,2019-07,358
math.OC,2019-08,271
math.OC,2019-09,398
math.OC,2019-10,455
math.OC,2019-11,385
math.OC,2019-12,423
math.OC,2020-01,357
math.OC,2020-02,467
math.OC,2020-03,478
math.OC,2020-04,453
math.OC,2020-05,380
math.OC,2020-06,596
math.OC,2020-07,464
math.OC,2020-08,349
math.OC,2020-09,428
math.OC,2020-10,475
math.OC,2020-11,447
math.OC,2020-12,442
math.OC,2021-01,394
math.OC,2021-02,432
math.OC,2021-03,543
math.OC,2021-04,424
math.OC,2021-05,415
math.OC,2021-06,531
math.OC,2021-07,420
math.OC,2021-08,351
math.OC,2021-09,433
math.OC,2021-10,476
math.OC,2021-11,445
math.OC,2021-12,404
math.OC,2022-01,388
math.OC,2022-02,415
math.OC,2022-03,502
math.OC,2022-04,423
math.OC,2022-05,449
math.OC,2022-06,477
math.OC,2022-07,420
math.OC,2022-08,394
math.OC,2022-09,439
math.OC,2022-10,500
math.OC,2022-11,493
math.OC,2022-12,389
math.OC,2023-01,385
math.OC,2023-02,491
math.OC,2023-03,563
math.OC,2023-04,442
math.OC,2023-05,513
math.OC,2023-06,441
math.OC,2023-07,445
math.OC,2023-08,397
math.OC,2023-09,431
math.OC,2023-10,541
math.OC,2023-11,562
math.OC,2023-12,451
math.OC,2024-01,510
math.OC,2024-02,543
math.OC,2024-03,634
math.OC,2024-04,487
math.OC,2024-05,539
math.OC,2024-06,475
math.OC,2024-07,502
math.OC,2024-08,392
math.OC,2024-09,525
math.OC,2024-10,594
math.OC,2024-11,460
math.OC,2024-12,538
math.OC,2025-01,529
math.OC,2025-02,510
math.OC,2025-03,613
math.OC,2025-04,565
math.OC,2025-05,622
math.OC,2025-06,522
math.OC,2025-07,495
math.OC,2025-08,440
math.OC,2025-09,623
math.OC,2025-10,670
math.OC,2025-11,587
math.OC,2025-12,557
math.OC,2026-01,515
math.OC,2026-02,567
math.OC,2026-03,726
math.OC,2026-04,742
math.OC,2026-05,768
math.OC,2026-06,660
math.PR,2017-01,284
math.PR,2017-02,241
math.PR,2017-03,274
math.PR,2017-04,229
math.PR,2017-05,250
math.PR,2017-06,280
math.PR,2017-07,289
math.PR,2017-08,270
math.PR,2017-09,272
math.PR,2017-10,294
math.PR,2017-11,301
math.PR,2017-12,257
math.PR,2018-01,277
math.PR,2018-02,283
math.PR,2018-03,292
math.PR,2018-04,291
math.PR,2018-05,278
math.PR,2018-06,299
math.PR,2018-07,288
math.PR,2018-08,295
math.PR,2018-09,288
math.PR,2018-10,328
math.PR,2018-11,280
math.PR,2018-12,304
math.PR,2019-01,262
math.PR,2019-02,243
math.PR,2019-03,323
math.PR,2019-04,312
math.PR,2019-05,325
math.PR,2019-06,276
math.PR,2019-07,346
math.PR,2019-08,269
math.PR,2019-09,321
math.PR,2019-10,320
math.PR,2019-11,311
math.PR,2019-12,336
math.PR,2020-01,287
math.PR,2020-02,262
math.PR,2020-03,344
math.PR,2020-04,348
math.PR,2020-05,316
math.PR,2020-06,372
math.PR,2020-07,353
math.PR,2020-08,317
math.PR,2020-09,323
math.PR,2020-10,345
math.PR,2020-11,342
math.PR,2020-12,349
math.PR,2021-01,305
math.PR,2021-02,333
math.PR,2021-03,363
math.PR,2021-04,334
math.PR,2021-05,341
math.PR,2021-06,352
math.PR,2021-07,325
math.PR,2021-08,286
math.PR,2021-09,322
math.PR,2021-10,326
math.PR,2021-11,361
math.PR,2021-12,323
math.PR,2022-01,299
math.PR,2022-02,274
math.PR,2022-03,361
math.PR,2022-04,262
math.PR,2022-05,345
math.PR,2022-06,332
math.PR,2022-07,335
math.PR,2022-08,337
math.PR,2022-09,357
math.PR,2022-10,323
math.PR,2022-11,364
math.PR,2022-12,347
math.PR,2023-01,301
math.PR,2023-02,288
math.PR,2023-03,350
math.PR,2023-04,296
math.PR,2023-05,346
math.PR,2023-06,315
math.PR,2023-07,360
math.PR,2023-08,306
math.PR,2023-09,356
math.PR,2023-10,389
math.PR,2023-11,359
math.PR,2023-12,352
math.PR,2024-01,353
math.PR,2024-02,373
math.PR,2024-03,387
math.PR,2024-04,337
math.PR,2024-05,389
math.PR,2024-06,317
math.PR,2024-07,384
math.PR,2024-08,306
math.PR,2024-09,384
math.PR,2024-10,446
math.PR,2024-11,368
math.PR,2024-12,428
math.PR,2025-01,426
math.PR,2025-02,379
math.PR,2025-03,466
math.PR,2025-04,381
math.PR,2025-05,382
math.PR,2025-06,381
math.PR,2025-07,408
math.PR,2025-08,358
math.PR,2025-09,446
math.PR,2025-10,454
math.PR,2025-11,407
math.PR,2025-12,495
math.PR,2026-01,413
math.PR,2026-02,412
math.PR,2026-03,511
math.PR,2026-04,494
math.PR,2026-05,550
math.PR,2026-06,517
math.QA,2017-01,54
math.QA,2017-02,52
math.QA,2017-03,61
math.QA,2017-04,58
math.QA,2017-05,67
math.QA,2017-06,59
math.QA,2017-07,57
math.QA,2017-08,51
math.QA,2017-09,62
math.QA,2017-10,57
math.QA,2017-11,56
math.QA,2017-12,63
math.QA,2018-01,50
math.QA,2018-02,59
math.QA,2018-03,59
math.QA,2018-04,67
math.QA,2018-05,59
math.QA,2018-06,51
math.QA,2018-07,55
math.QA,2018-08,55
math.QA,2018-09,66
math.QA,2018-10,72
math.QA,2018-11,72
math.QA,2018-12,65
math.QA,2019-01,53
math.QA,2019-02,45
math.QA,2019-03,71
math.QA,2019-04,67
math.QA,2019-05,55
math.QA,2019-06,55
math.QA,2019-07,59
math.QA,2019-08,51
math.QA,2019-09,47
math.QA,2019-10,95
math.QA,2019-11,76
math.QA,2019-12,79
math.QA,2020-01,58
math.QA,2020-02,57
math.QA,2020-03,67
math.QA,2020-04,68
math.QA,2020-05,73
math.QA,2020-06,48
math.QA,2020-07,57
math.QA,2020-08,70
math.QA,2020-09,72
math.QA,2020-10,63
math.QA,2020-11,60
math.QA,2020-12,68
math.QA,2021-01,48
math.QA,2021-02,42
math.QA,2021-03,69
math.QA,2021-04,55
math.QA,2021-05,55
math.QA,2021-06,63
math.QA,2021-07,74
math.QA,2021-08,51
math.QA,2021-09,65
math.QA,2021-10,50
math.QA,2021-11,63
math.QA,2021-12,76
math.QA,2022-01,47
math.QA,2022-02,57
math.QA,2022-03,74
math.QA,2022-04,57
math.QA,2022-05,56
math.QA,2022-06,57
math.QA,2022-07,64
math.QA,2022-08,61
math.QA,2022-09,70
math.QA,2022-10,61
math.QA,2022-11,86
math.QA,2022-12,68
math.QA,2023-01,65
math.QA,2023-02,66
math.QA,2023-03,72
math.QA,2023-04,67
math.QA,2023-05,82
math.QA,2023-06,72
math.QA,2023-07,73
math.QA,2023-08,74
math.QA,2023-09,66
math.QA,2023-10,52
math.QA,2023-11,72
math.QA,2023-12,95
math.QA,2024-01,61
math.QA,2024-02,78
math.QA,2024-03,75
math.QA,2024-04,70
math.QA,2024-05,66
math.QA,2024-06,80
math.QA,2024-07,77
math.QA,2024-08,71
math.QA,2024-09,71
math.QA,2024-10,87
math.QA,2024-11,70
math.QA,2024-12,97
math.QA,2025-01,69
math.QA,2025-02,62
math.QA,2025-03,82
math.QA,2025-04,82
math.QA,2025-05,72
math.QA,2025-06,75
math.QA,2025-07,76
math.QA,2025-08,79
math.QA,2025-09,100
math.QA,2025-10,87
math.QA,2025-11,93
math.QA,2025-12,96
math.QA,2026-01,91
math.QA,2026-02,84
math.QA,2026-03,76
math.QA,2026-04,68
math.QA,2026-05,88
math.QA,2026-06,91
math.RT,2017-01,117
math.RT,2017-02,106
math.RT,2017-03,156
math.RT,2017-04,123
math.RT,2017-05,153
math.RT,2017-06,119
math.RT,2017-07,126
math.RT,2017-08,119
math.RT,2017-09,121
math.RT,2017-10,126
math.RT,2017-11,140
math.RT,2017-12,123
math.RT,2018-01,133
math.RT,2018-02,131
math.RT,2018-03,128
math.RT,2018-04,126
math.RT,2018-05,115
math.RT,2018-06,122
math.RT,2018-07,120
math.RT,2018-08,129
math.RT,2018-09,111
math.RT,2018-10,146
math.RT,2018-11,122
math.RT,2018-12,140
math.RT,2019-01,108
math.RT,2019-02,109
math.RT,2019-03,133
math.RT,2019-04,139
math.RT,2019-05,132
math.RT,2019-06,115
math.RT,2019-07,130
math.RT,2019-08,106
math.RT,2019-09,134
math.RT,2019-10,151
math.RT,2019-11,126
math.RT,2019-12,148
math.RT,2020-01,126
math.RT,2020-02,127
math.RT,2020-03,137
math.RT,2020-04,128
math.RT,2020-05,137
math.RT,2020-06,158
math.RT,2020-07,147
math.RT,2020-08,154
math.RT,2020-09,116
math.RT,2020-10,137
math.RT,2020-11,134
math.RT,2020-12,144
math.RT,2021-01,101
math.RT,2021-02,124
math.RT,2021-03,128
math.RT,2021-04,107
math.RT,2021-05,136
math.RT,2021-06,133
math.RT,2021-07,155
math.RT,2021-08,131
math.RT,2021-09,149
math.RT,2021-10,123
math.RT,2021-11,137
math.RT,2021-12,162
math.RT,2022-01,106
math.RT,2022-02,109
math.RT,2022-03,143
math.RT,2022-04,125
math.RT,2022-05,132
math.RT,2022-06,119
math.RT,2022-07,149
math.RT,2022-08,138
math.RT,2022-09,143
math.RT,2022-10,138
math.RT,2022-11,159
math.RT,2022-12,138
math.RT,2023-01,144
math.RT,2023-02,111
math.RT,2023-03,181
math.RT,2023-04,114
math.RT,2023-05,141
math.RT,2023-06,147
math.RT,2023-07,149
math.RT,2023-08,145
math.RT,2023-09,137
math.RT,2023-10,171
math.RT,2023-11,153
math.RT,2023-12,177
math.RT,2024-01,133
math.RT,2024-02,162
math.RT,2024-03,144
math.RT,2024-04,150
math.RT,2024-05,165
math.RT,2024-06,137
math.RT,2024-07,184
math.RT,2024-08,131
math.RT,2024-09,165
math.RT,2024-10,180
math.RT,2024-11,154
math.RT,2024-12,184
math.RT,2025-01,150
math.RT,2025-02,147
math.RT,2025-03,178
math.RT,2025-04,173
math.RT,2025-05,160
math.RT,2025-06,157
math.RT,2025-07,188
math.RT,2025-08,169
math.RT,2025-09,201
math.RT,2025-10,219
math.RT,2025-11,154
math.RT,2025-12,179
math.RT,2026-01,175
math.RT,2026-02,147
math.RT,2026-03,183
math.RT,2026-04,180
math.RT,2026-05,166
math.RT,2026-06,223
math.RA,2017-01,101
math.RA,2017-02,67
math.RA,2017-03,65
math.RA,2017-04,68
math.RA,2017-05,96
math.RA,2017-06,72
math.RA,2017-07,93
math.RA,2017-08,91
math.RA,2017-09,80
math.RA,2017-10,86
math.RA,2017-11,84
math.RA,2017-12,81
math.RA,2018-01,68
math.RA,2018-02,74
math.RA,2018-03,85
math.RA,2018-04,74
math.RA,2018-05,99
math.RA,2018-06,86
math.RA,2018-07,86
math.RA,2018-08,91
math.RA,2018-09,68
math.RA,2018-10,105
math.RA,2018-11,73
math.RA,2018-12,99
math.RA,2019-01,86
math.RA,2019-02,85
math.RA,2019-03,97
math.RA,2019-04,102
math.RA,2019-05,103
math.RA,2019-06,69
math.RA,2019-07,93
math.RA,2019-08,84
math.RA,2019-09,80
math.RA,2019-10,79
math.RA,2019-11,100
math.RA,2019-12,113
math.RA,2020-01,109
math.RA,2020-02,77
math.RA,2020-03,83
math.RA,2020-04,97
math.RA,2020-05,84
math.RA,2020-06,124
math.RA,2020-07,105
math.RA,2020-08,112
math.RA,2020-09,93
math.RA,2020-10,93
math.RA,2020-11,85
math.RA,2020-12,74
math.RA,2021-01,76
math.RA,2021-02,73
math.RA,2021-03,83
math.RA,2021-04,77
math.RA,2021-05,93
math.RA,2021-06,74
math.RA,2021-07,101
math.RA,2021-08,96
math.RA,2021-09,71
math.RA,2021-10,66
math.RA,2021-11,68
math.RA,2021-12,96
math.RA,2022-01,89
math.RA,2022-02,72
math.RA,2022-03,98
math.RA,2022-04,88
math.RA,2022-05,102
math.RA,2022-06,88
math.RA,2022-07,96
math.RA,2022-08,112
math.RA,2022-09,115
math.RA,2022-10,87
math.RA,2022-11,109
math.RA,2022-12,90
math.RA,2023-01,108
math.RA,2023-02,77
math.RA,2023-03,93
math.RA,2023-04,94
math.RA,2023-05,96
math.RA,2023-06,112
math.RA,2023-07,87
math.RA,2023-08,92
math.RA,2023-09,104
math.RA,2023-10,87
math.RA,2023-11,103
math.RA,2023-12,91
math.RA,2024-01,111
math.RA,2024-02,111
math.RA,2024-03,116
math.RA,2024-04,120
math.RA,2024-05,116
math.RA,2024-06,105
math.RA,2024-07,99
math.RA,2024-08,79
math.RA,2024-09,105
math.RA,2024-10,107
math.RA,2024-11,104
math.RA,2024-12,113
math.RA,2025-01,93
math.RA,2025-02,89
math.RA,2025-03,124
math.RA,2025-04,132
math.RA,2025-05,92
math.RA,2025-06,110
math.RA,2025-07,122
math.RA,2025-08,129
math.RA,2025-09,123
math.RA,2025-10,121
math.RA,2025-11,119
math.RA,2025-12,163
math.RA,2026-01,112
math.RA,2026-02,130
math.RA,2026-03,101
math.RA,2026-04,104
math.RA,2026-05,137
math.RA,2026-06,134
math.SP,2017-01,39
math.SP,2017-02,40
math.SP,2017-03,60
math.SP,2017-04,37
math.SP,2017-05,55
math.SP,2017-06,58
math.SP,2017-07,33
math.SP,2017-08,34
math.SP,2017-09,36
math.SP,2017-10,55
math.SP,2017-11,57
math.SP,2017-12,54
math.SP,2018-01,54
math.SP,2018-02,37
math.SP,2018-03,51
math.SP,2018-04,55
math.SP,2018-05,35
math.SP,2018-06,41
math.SP,2018-07,37
math.SP,2018-08,37
math.SP,2018-09,49
math.SP,2018-10,45
math.SP,2018-11,47
math.SP,2018-12,42
math.SP,2019-01,50
math.SP,2019-02,46
math.SP,2019-03,53
math.SP,2019-04,40
math.SP,2019-05,41
math.SP,2019-06,39
math.SP,2019-07,57
math.SP,2019-08,53
math.SP,2019-09,78
math.SP,2019-10,68
math.SP,2019-11,41
math.SP,2019-12,47
math.SP,2020-01,45
math.SP,2020-02,46
math.SP,2020-03,62
math.SP,2020-04,55
math.SP,2020-05,53
math.SP,2020-06,66
math.SP,2020-07,60
math.SP,2020-08,47
math.SP,2020-09,60
math.SP,2020-10,54
math.SP,2020-11,54
math.SP,2020-12,60
math.SP,2021-01,43
math.SP,2021-02,44
math.SP,2021-03,60
math.SP,2021-04,52
math.SP,2021-05,47
math.SP,2021-06,52
math.SP,2021-07,61
math.SP,2021-08,50
math.SP,2021-09,49
math.SP,2021-10,52
math.SP,2021-11,43
math.SP,2021-12,48
math.SP,2022-01,58
math.SP,2022-02,52
math.SP,2022-03,52
math.SP,2022-04,48
math.SP,2022-05,45
math.SP,2022-06,53
math.SP,2022-07,46
math.SP,2022-08,43
math.SP,2022-09,47
math.SP,2022-10,30
math.SP,2022-11,45
math.SP,2022-12,44
math.SP,2023-01,44
math.SP,2023-02,30
math.SP,2023-03,45
math.SP,2023-04,47
math.SP,2023-05,67
math.SP,2023-06,52
math.SP,2023-07,49
math.SP,2023-08,48
math.SP,2023-09,52
math.SP,2023-10,54
math.SP,2023-11,51
math.SP,2023-12,66
math.SP,2024-01,47
math.SP,2024-02,61
math.SP,2024-03,62
math.SP,2024-04,45
math.SP,2024-05,55
math.SP,2024-06,43
math.SP,2024-07,65
math.SP,2024-08,44
math.SP,2024-09,53
math.SP,2024-10,66
math.SP,2024-11,61
math.SP,2024-12,63
math.SP,2025-01,52
math.SP,2025-02,55
math.SP,2025-03,57
math.SP,2025-04,62
math.SP,2025-05,89
math.SP,2025-06,67
math.SP,2025-07,54
math.SP,2025-08,65
math.SP,2025-09,65
math.SP,2025-10,67
math.SP,2025-11,58
math.SP,2025-12,60
math.SP,2026-01,84
math.SP,2026-02,58
math.SP,2026-03,87
math.SP,2026-04,78
math.SP,2026-05,82
math.SP,2026-06,100
math.ST,2017-01,83
math.ST,2017-02,93
math.ST,2017-03,94
math.ST,2017-04,94
math.ST,2017-05,120
math.ST,2017-06,123
math.ST,2017-07,98
math.ST,2017-08,105
math.ST,2017-09,102
math.ST,2017-10,144
math.ST,2017-11,112
math.ST,2017-12,99
math.ST,2018-01,105
math.ST,2018-02,101
math.ST,2018-03,117
math.ST,2018-04,106
math.ST,2018-05,94
math.ST,2018-06,124
math.ST,2018-07,89
math.ST,2018-08,114
math.ST,2018-09,93
math.ST,2018-10,145
math.ST,2018-11,109
math.ST,2018-12,125
math.ST,2019-01,110
math.ST,2019-02,136
math.ST,2019-03,127
math.ST,2019-04,146
math.ST,2019-05,165
math.ST,2019-06,153
math.ST,2019-07,145
math.ST,2019-08,114
math.ST,2019-09,155
math.ST,2019-10,174
math.ST,2019-11,142
math.ST,2019-12,153
math.ST,2020-01,117
math.ST,2020-02,184
math.ST,2020-03,155
math.ST,2020-04,147
math.ST,2020-05,138
math.ST,2020-06,215
math.ST,2020-07,171
math.ST,2020-08,135
math.ST,2020-09,151
math.ST,2020-10,182
math.ST,2020-11,170
math.ST,2020-12,165
math.ST,2021-01,134
math.ST,2021-02,157
math.ST,2021-03,169
math.ST,2021-04,148
math.ST,2021-05,156
math.ST,2021-06,171
math.ST,2021-07,177
math.ST,2021-08,135
math.ST,2021-09,147
math.ST,2021-10,205
math.ST,2021-11,136
math.ST,2021-12,173
math.ST,2022-01,114
math.ST,2022-02,148
math.ST,2022-03,149
math.ST,2022-04,118
math.ST,2022-05,166
math.ST,2022-06,208
math.ST,2022-07,149
math.ST,2022-08,165
math.ST,2022-09,185
math.ST,2022-10,203
math.ST,2022-11,182
math.ST,2022-12,159
math.ST,2023-01,156
math.ST,2023-02,149
math.ST,2023-03,174
math.ST,2023-04,119
math.ST,2023-05,208
math.ST,2023-06,175
math.ST,2023-07,168
math.ST,2023-08,123
math.ST,2023-09,140
math.ST,2023-10,214
math.ST,2023-11,175
math.ST,2023-12,141
math.ST,2024-01,159
math.ST,2024-02,225
math.ST,2024-03,180
math.ST,2024-04,184
math.ST,2024-05,212
math.ST,2024-06,189
math.ST,2024-07,184
math.ST,2024-08,134
math.ST,2024-09,170
math.ST,2024-10,219
math.ST,2024-11,166
math.ST,2024-12,150
math.ST,2025-01,176
math.ST,2025-02,223
math.ST,2025-03,183
math.ST,2025-04,181
math.ST,2025-05,223
math.ST,2025-06,216
math.ST,2025-07,184
math.ST,2025-08,162
math.ST,2025-09,199
math.ST,2025-10,272
math.ST,2025-11,220
math.ST,2025-12,233
math.ST,2026-01,210
math.ST,2026-02,255
math.ST,2026-03,277
math.ST,2026-04,231
math.ST,2026-05,328
math.ST,2026-06,282
math.SG,2017-01,32
math.SG,2017-02,29
math.SG,2017-03,34
math.SG,2017-04,24
math.SG,2017-05,34
math.SG,2017-06,36
math.SG,2017-07,25
math.SG,2017-08,35
math.SG,2017-09,33
math.SG,2017-10,41
math.SG,2017-11,33
math.SG,2017-12,46
math.SG,2018-01,37
math.SG,2018-02,38
math.SG,2018-03,40
math.SG,2018-04,38
math.SG,2018-05,39
math.SG,2018-06,28
math.SG,2018-07,38
math.SG,2018-08,38
math.SG,2018-09,42
math.SG,2018-10,48
math.SG,2018-11,54
math.SG,2018-12,27
math.SG,2019-01,38
math.SG,2019-02,36
math.SG,2019-03,41
math.SG,2019-04,38
math.SG,2019-05,42
math.SG,2019-06,21
math.SG,2019-07,31
math.SG,2019-08,23
math.SG,2019-09,42
math.SG,2019-10,63
math.SG,2019-11,36
math.SG,2019-12,45
math.SG,2020-01,37
math.SG,2020-02,42
math.SG,2020-03,45
math.SG,2020-04,46
math.SG,2020-05,34
math.SG,2020-06,45
math.SG,2020-07,25
math.SG,2020-08,38
math.SG,2020-09,38
math.SG,2020-10,51
math.SG,2020-11,41
math.SG,2020-12,41
math.SG,2021-01,26
math.SG,2021-02,48
math.SG,2021-03,39
math.SG,2021-04,40
math.SG,2021-05,35
math.SG,2021-06,38
math.SG,2021-07,31
math.SG,2021-08,36
math.SG,2021-09,45
math.SG,2021-10,46
math.SG,2021-11,38
math.SG,2021-12,41
math.SG,2022-01,31
math.SG,2022-02,38
math.SG,2022-03,34
math.SG,2022-04,28
math.SG,2022-05,51
math.SG,2022-06,48
math.SG,2022-07,38
math.SG,2022-08,32
math.SG,2022-09,38
math.SG,2022-10,40
math.SG,2022-11,56
math.SG,2022-12,49
math.SG,2023-01,35
math.SG,2023-02,42
math.SG,2023-03,40
math.SG,2023-04,38
math.SG,2023-05,41
math.SG,2023-06,30
math.SG,2023-07,50
math.SG,2023-08,50
math.SG,2023-09,46
math.SG,2023-10,45
math.SG,2023-11,49
math.SG,2023-12,44
math.SG,2024-01,50
math.SG,2024-02,34
math.SG,2024-03,36
math.SG,2024-04,51
math.SG,2024-05,53
math.SG,2024-06,44
math.SG,2024-07,38
math.SG,2024-08,36
math.SG,2024-09,46
math.SG,2024-10,65
math.SG,2024-11,46
math.SG,2024-12,63
math.SG,2025-01,37
math.SG,2025-02,32
math.SG,2025-03,56
math.SG,2025-04,43
math.SG,2025-05,46
math.SG,2025-06,39
math.SG,2025-07,61
math.SG,2025-08,31
math.SG,2025-09,50
math.SG,2025-10,58
math.SG,2025-11,53
math.SG,2025-12,47
math.SG,2026-01,50
math.SG,2026-02,47
math.SG,2026-03,41
math.SG,2026-04,49
math.SG,2026-05,49
math.SG,2026-06,54
